CustomerID,Age,Annual_Income,Monthly_Spend,Credit_Utilization,Payment_Delays,Transactions_Last_6M,Tenure_Years,Cash_Advance_Amount,Response_to_Offers
1,59,74349,1257,0.4061417270721717,2,59,7,319.38,0
2,49,92696,1618,0.07422397522961743,0,58,9,270.74,0
3,35,69780,1273,0.20175967127347866,1,40,11,333.38,1
4,63,81285,2269,0.08259428848279643,1,52,8,502.82,1
5,28,90396,1450,0.4358912161871149,1,58,6,46.45,1
6,41,84168,1697,0.40230356776358683,1,42,7,553.92,1
7,59,77149,2170,0.3970306950925273,1,47,9,58.42,1
8,39,114577,2218,0.21778495873128884,1,54,14,27.58,1
9,43,101049,1255,0.2040575331025002,0,55,11,1493.21,1
10,31,67855,2433,0.38141703984446257,1,46,6,1258.55,1
11,31,47257,2073,0.24959209208432975,0,60,1,24.94,0
12,44,85965,1150,0.19693931542516446,1,57,4,234.26,1
13,56,75396,1003,0.27374159431128975,0,47,8,82.44,1
14,60,112724,1790,0.25088869459470375,2,42,7,265.7,1
15,44,94687,2310,0.219991553805732,1,48,3,709.2,0
16,23,89105,2325,0.1661348274863597,1,54,10,1203.22,0
17,42,70323,2013,0.417303465250836,0,44,3,402.32,1
18,22,48107,1829,0.5834074159215585,1,48,11,174.72,0
19,44,65050,2107,0.3441493699072019,3,54,3,369.86,0
20,64,81920,1286,0.38336512054548916,1,47,12,149.59,0
21,50,26760,2812,0.43045667789025555,0,39,1,962.4,1
22,58,101042,2804,0.4049848635789683,0,44,10,817.32,1
23,22,121676,2057,0.2229631507524531,2,42,1,326.79,1
24,41,21376,1918,0.6079769316653878,2,54,6,157.1,1
25,53,34994,1553,0.23640342294830585,1,44,14,138.91,1
26,32,75741,2117,0.44721325469906137,4,46,14,13.6,1
27,42,55435,1385,0.42952869610143674,1,54,1,676.74,1
28,64,76522,465,0.05623376867980434,2,37,5,239.41,0
29,45,68208,171,0.29617303746306206,1,52,4,157.3,1
30,69,44404,1320,0.3584942677718255,1,45,5,254.79,1
31,47,102210,1893,0.3699726817136429,5,49,7,683.12,1
32,62,81612,1999,0.39521307732751504,1,42,6,53.24,1
33,48,56006,1507,0.46364943094099637,0,45,12,779.8,1
34,36,107625,1885,0.34887269535938326,1,50,9,911.19,1
35,35,57289,1635,0.40319263520269155,0,63,6,1172.79,1
36,67,38953,1200,0.34325681198414254,0,54,9,202.66,1
37,64,74587,1767,0.19739995148678396,0,57,4,97.92,0
38,23,78828,2287,0.35486021620545105,1,49,1,187.13,0
39,57,83297,1227,0.4623634766379604,0,46,1,161.93,1
40,27,87408,1227,0.5163182573713048,1,45,10,77.51,1
41,41,82903,1158,0.43059734863163057,1,60,7,373.85,0
42,29,81887,638,0.5501525488923948,3,51,13,258.98,1
43,59,55656,1511,0.41282971211134706,1,49,13,803.07,1
44,38,52981,2228,0.47958197325032553,1,45,13,13.05,0
45,24,88559,1904,0.49060867239196787,1,53,3,412.98,1
46,45,76086,1698,0.31649741886743965,0,46,2,575.79,1
47,34,90506,1877,0.45890051488515027,1,50,14,569.99,1
48,29,27318,1506,0.20890326535386286,0,44,6,868.88,0
49,46,57480,631,0.40247185138232955,3,59,6,522.3,0
50,22,117675,2270,0.4365538740002679,1,48,13,1051.38,1
51,40,83813,2442,0.5076642681048995,0,46,7,161.78,0
52,48,77388,1363,0.4731138955971959,1,52,5,279.83,0
53,67,87698,1709,0.509617127500207,1,45,8,5.67,0
54,27,125211,1657,0.33509295048103654,5,56,7,2.79,1
55,64,119951,2010,0.2981910267994929,1,33,2,109.84,0
56,28,30511,2813,0.30876518631715755,2,46,1,42.5,0
57,67,39737,2495,0.3899425595672945,2,53,13,120.56,0
58,55,29664,1573,0.07868794765366216,1,71,14,77.94,1
59,34,51322,2125,0.5497635455591829,2,43,9,11.57,0
60,37,71372,2552,0.3565810039743462,3,50,5,960.1,0
61,56,76050,2045,0.28774976264973207,1,55,12,3.3,1
62,60,31738,1797,0.0,2,39,11,532.85,0
63,24,23316,2067,0.3444779740732576,1,42,5,66.02,0
64,22,50880,1378,0.3202285227386366,1,46,12,973.21,0
65,26,92904,1465,0.21544303540321172,0,40,10,893.21,1
66,62,97259,1161,0.24904297323094815,0,50,4,424.41,1
67,24,112645,1984,0.34600450333322547,0,52,2,446.18,0
68,49,69191,1721,0.26176453106184755,1,56,5,2.14,0
69,38,90703,1306,0.43578170992675336,1,49,2,1676.47,0
70,46,95247,1701,0.23768246170339752,3,51,12,840.95,0
71,64,57578,2081,0.3731912644281167,3,56,7,901.92,0
72,54,79696,2948,0.5270068053216754,3,62,11,430.64,0
73,30,86467,2407,0.34451062061561727,2,56,9,169.12,1
74,56,47271,429,0.40339656859396184,0,49,9,896.4,0
75,34,111052,1943,0.39389770811008973,0,53,11,137.85,0
76,51,69029,2657,0.3511995349425899,3,50,6,330.86,0
77,68,72175,997,0.33994892870847343,1,46,1,42.02,1
78,35,46316,2130,0.2642938667825132,5,44,13,1020.19,0
79,28,50514,1658,0.37265184358367287,3,57,6,60.69,1
80,34,15087,2490,0.3075098736740799,1,50,5,101.9,0
81,43,71378,2042,0.581913525235206,1,55,4,326.7,0
82,60,132642,1269,0.4716714888664867,1,55,12,577.73,0
83,41,44534,1679,0.13208061561674808,2,59,6,386.35,0
84,36,144404,1714,0.14042630026728836,3,49,6,105.66,0
85,65,105356,1726,0.3304310196440952,4,53,14,0.38,0
86,38,58160,2471,0.290704178384038,0,56,6,566.13,1
87,67,70681,1294,0.3225209122667112,1,61,2,1685.45,0
88,44,66622,2401,0.44767421909784694,0,47,14,664.11,0
89,46,112654,1618,0.3973603848316035,0,47,7,246.63,0
90,45,82925,1934,0.3958443845687231,1,49,14,936.39,1
91,65,99549,1843,0.566929199824309,0,41,4,210.95,0
92,61,78954,1786,0.14166626687403808,1,50,13,297.72,1
93,49,67200,1791,0.3655908251223349,1,49,12,259.37,0
94,35,78160,2674,0.26314211780791186,2,41,9,237.41,0
95,65,59826,2305,0.5653153678759028,1,62,10,597.0,1
96,21,33694,1582,0.0185972591264984,4,56,2,299.27,1
97,45,90342,2749,0.025177762143049787,1,45,5,152.34,0
98,27,32470,1964,0.3956954444522076,3,49,14,119.45,1
99,29,63279,2014,0.518944483898622,1,55,4,15.39,1
100,44,59003,1297,0.4659881481975575,0,59,9,350.05,0
101,21,86083,1501,0.22985288100234372,1,62,4,104.53,0
102,64,109117,1386,0.575963258300237,2,50,8,64.13,0
103,28,100124,1851,0.16527968771086873,2,56,8,424.33,1
104,44,86810,2183,0.5461226284315017,5,59,6,457.29,0
105,31,54253,2020,0.18511576244627845,1,39,6,557.98,0
106,37,65413,2752,0.2972263741494167,1,39,11,280.13,1
107,28,61768,1267,0.4458904306785376,2,49,8,897.93,1
108,55,58242,1868,0.13006882536557524,2,71,12,1101.7,0
109,55,59938,1030,0.5703535096311151,1,59,13,658.8,1
110,53,59271,1246,0.29630842528980283,1,51,12,403.79,1
111,25,58164,2558,0.37059142035174336,0,51,10,144.8,1
112,62,93797,1522,0.5243301183561128,3,56,9,1628.52,0
113,59,43634,1317,0.2310311982249275,3,60,5,128.16,0
114,61,51763,522,0.5091220529383084,1,41,11,90.59,0
115,48,30414,1311,0.5960800356338555,2,42,1,233.47,1
116,27,105387,1676,0.25166315040056314,1,54,1,23.41,0
117,29,50087,985,0.5554081508894442,3,35,2,1535.78,0
118,28,86519,1642,0.08591321086375953,2,51,10,355.11,1
119,32,81882,2562,0.408440059219185,1,46,10,325.63,1
120,54,102970,1375,0.1657102226444287,0,53,5,426.61,0
121,53,64749,1233,0.4913852822804283,1,56,4,274.88,1
122,68,46311,1125,0.4790684072633305,2,57,1,13.04,0
123,43,31106,1114,0.6616069993386864,1,46,4,379.02,0
124,44,384,2121,0.5631924474428749,1,38,4,503.76,0
125,57,74033,1829,0.32513432035978174,1,49,10,215.66,1
126,55,89386,2374,0.18773787690517393,4,60,4,566.36,1
127,64,81792,3011,0.43485306195040846,2,40,1,102.99,0
128,60,31755,701,0.340890288442176,2,28,9,100.04,0
129,42,95970,2028,0.5826732566893555,3,53,14,70.42,0
130,47,52544,1128,0.025042873487633233,1,53,3,186.08,0
131,55,47327,2273,0.6782085138932941,1,50,13,750.96,1
132,21,51984,1636,0.42979859114177055,1,66,4,703.9,0
133,55,71960,1816,0.22804818174194413,0,47,5,193.04,0
134,57,32882,1030,0.4600983841127849,2,51,13,355.78,1
135,67,69074,1544,0.5446132131934556,1,53,13,510.35,0
136,34,80736,1853,0.36715203369555327,0,60,7,110.41,0
137,23,97683,2613,0.08526194237827356,0,47,6,73.64,0
138,21,74398,1323,0.30592294454793406,2,57,5,1431.59,0
139,25,36509,1469,0.5059092579563207,4,45,8,384.47,0
140,46,73722,2366,0.42449971013410615,3,54,14,1594.18,1
141,34,43493,1284,0.3265239453746941,1,45,1,164.85,1
142,59,42051,2485,0.5462473746337153,3,50,7,485.65,1
143,47,35932,1794,0.4608958761248445,1,41,12,100.72,1
144,29,22218,1981,0.47245087339075154,2,56,6,121.09,0
145,35,55820,2020,0.2884047962028798,0,40,11,286.9,1
146,35,98222,1430,0.2738924477380852,1,59,5,154.04,1
147,46,126412,2033,0.0950060418975468,2,52,7,73.39,1
148,62,55660,1336,0.31109123660941157,2,43,3,122.0,1
149,33,97152,1498,0.49030880806971916,3,55,1,14.56,1
150,52,60135,2135,0.31938600544766194,2,44,9,487.53,1
151,59,28731,1976,0.41683082697935075,3,52,2,271.0,1
152,69,87523,1755,0.516679903497992,4,43,13,39.59,1
153,52,75870,1044,0.4059249487697948,4,41,10,75.35,0
154,24,115450,1194,0.42057721426412026,3,58,3,43.27,1
155,50,31633,1966,0.14632663069436683,3,48,8,379.31,0
156,57,139900,2239,0.3016152823847034,3,40,12,39.58,1
157,43,109792,1134,0.6089939759744892,1,54,10,561.43,1
158,59,69551,1296,0.365569577164414,1,51,9,8.29,1
159,65,62534,1880,0.6345107272994861,1,54,13,114.74,0
160,35,52104,1867,0.24153265540415791,1,55,3,885.34,0
161,63,72743,825,0.38509211782018093,1,44,6,507.09,1
162,49,65401,1896,0.29259823436721977,3,53,7,30.31,0
163,56,82844,1440,0.43879770276868296,0,43,1,688.43,1
164,33,62640,2784,0.4842513002090181,0,42,14,271.73,0
165,52,105374,1949,0.44036991435513506,1,50,7,750.36,0
166,27,73126,2052,0.5062778215622044,1,54,4,367.26,0
167,42,63579,2068,0.34802405172165096,2,46,5,458.07,1
168,48,95607,1071,0.32142074485044836,2,46,8,2014.48,0
169,22,29436,2966,0.08627104890860421,3,42,4,105.76,0
170,62,78524,826,0.4457676402746847,1,44,4,391.21,1
171,65,70639,2277,0.3758276138360236,0,54,8,246.71,0
172,26,34728,2171,0.33981278936562,2,56,5,16.1,1
173,48,27287,1513,0.3213773891818482,1,52,13,5.83,1
174,48,95258,2199,0.3444680657984315,1,45,6,50.78,0
175,64,94069,1609,0.3145645802753124,0,55,12,418.89,1
176,64,74313,1394,0.2707949242155043,2,43,11,334.96,0
177,40,112916,2081,0.38593833210862527,0,51,14,322.46,0
178,50,81024,1196,0.4226238678399429,1,57,5,12.95,1
179,31,101245,1665,0.23441481284207288,0,46,1,253.43,0
180,48,80508,1443,0.28988966462189136,1,41,7,1034.1,0
181,45,63104,1598,0.3193067373102697,2,50,6,202.73,1
182,59,43561,2059,0.3507219961065177,2,50,2,392.25,1
183,53,54914,1443,0.3307721795621349,2,46,11,605.32,0
184,21,63571,1684,0.44895817994845905,1,38,7,612.85,1
185,47,104078,1498,0.10214494764442861,6,47,6,292.99,1
186,33,89247,2666,0.12874442024898244,1,46,5,780.64,1
187,61,78257,2005,0.37903540988803663,2,59,8,198.62,1
188,23,91750,1932,0.2595971228258317,0,43,5,878.19,0
189,59,83184,2210,0.4826363458660716,2,52,11,109.89,0
190,26,76548,1443,0.5254701428882825,2,43,2,131.52,1
191,28,32533,2315,0.3850620764634365,0,41,6,21.83,0
192,47,98478,2007,0.1892037625588731,0,50,14,635.04,1
193,29,58537,863,0.5081890274340588,2,54,12,215.87,1
194,57,97213,943,0.37983539932254906,1,43,1,104.09,0
195,53,99630,1456,0.12695960412093235,1,57,5,105.48,0
196,62,53249,1007,0.14022205279022235,2,50,14,926.67,0
197,64,93742,1657,0.5775420184562967,3,61,6,718.11,0
198,44,60975,1191,0.5526703869891844,2,49,7,322.55,1
199,35,61124,1741,0.0,0,58,14,382.96,1
200,52,76436,2647,0.14633136571131847,0,42,2,257.23,0
201,52,77111,1770,0.5211283243432483,1,43,1,198.81,1
202,44,70963,1618,0.3472261117410428,1,49,6,988.29,0
203,61,36642,2032,0.4552773928238139,4,50,3,53.69,0
204,69,66963,1382,0.34070708808528544,2,68,5,216.82,0
205,69,126961,2306,0.4481738735106805,3,52,12,168.98,1
206,32,399,2097,0.350875031999815,0,61,11,275.78,1
207,59,91743,1823,0.284358761486455,2,59,13,244.72,0
208,22,96428,1892,0.5088115744872214,0,58,2,292.66,0
209,23,36041,3025,0.3803081924038469,2,45,1,60.29,0
210,69,58264,2365,0.44785830743653493,1,46,1,287.91,0
211,57,44982,3119,0.373617188744115,2,52,13,111.05,1
212,69,116349,2119,0.277046465967528,3,59,11,81.5,1
213,37,97575,916,0.5912583967035788,0,51,4,26.81,0
214,69,98785,1642,0.4032452382136498,1,39,10,575.29,0
215,22,73016,779,0.29674270334417724,5,55,13,223.06,1
216,22,102802,2116,0.5417494205478074,1,55,2,394.09,0
217,48,69794,2247,0.1518764339181564,0,63,1,520.18,1
218,43,103978,1268,0.6854425476193979,0,54,6,454.92,1
219,57,66282,1406,0.3231275363504857,2,45,14,254.33,0
220,52,53018,1889,0.1597978688924935,3,52,4,196.34,1
221,53,115273,1081,0.6358912022686347,0,48,10,188.62,1
222,21,69478,1036,0.2805248580390813,4,72,13,408.71,1
223,39,47530,2543,0.3864866854783441,0,57,12,273.12,1
224,22,47259,1868,0.4576536112159195,1,54,7,756.54,0
225,64,47335,1465,0.5276258791490218,1,60,11,830.82,1
226,46,91111,784,0.3949661845582347,0,43,6,74.8,1
227,52,67528,2311,0.2529026887504944,1,50,5,58.58,1
228,26,127448,1389,0.38284887850009885,1,56,10,398.13,0
229,52,99654,2916,0.2871026682002418,2,46,12,143.37,0
230,24,76428,2315,0.38735175145467854,2,55,13,7.5,0
231,31,105097,1315,0.5942224318635287,3,46,12,878.0,1
232,37,57612,1370,0.46338877874656903,0,63,12,102.94,0
233,58,23630,2833,0.3809969657147508,2,55,12,1059.61,0
234,44,45260,1749,0.46077362489095103,3,58,2,505.54,0
235,25,73680,1492,0.4715120977863778,1,45,5,575.29,1
236,54,64436,1816,0.18831888455469117,0,58,9,89.99,0
237,26,90610,1489,0.35625840668235464,1,49,9,106.73,0
238,42,66884,1944,0.7343791488998774,1,31,2,294.65,0
239,31,88700,1754,0.5319231477547799,1,45,7,75.55,1
240,68,107524,2325,0.27448466612582,1,56,10,145.79,1
241,36,66807,1566,0.25951881558235673,3,49,14,155.13,0
242,53,83878,1269,0.2545211415236596,1,64,4,69.57,0
243,29,26130,1590,0.47994799253930853,1,39,13,91.86,0
244,26,66902,1586,0.5911461381674326,2,50,13,621.51,1
245,36,39201,1753,0.4373250566720087,2,51,3,73.18,1
246,49,73630,2180,0.37357435248032267,2,54,11,11.55,0
247,23,75899,2147,0.2833766963550842,2,44,1,397.0,1
248,40,75816,2519,0.399405971837529,2,57,3,1491.6,0
249,56,57996,1313,0.22698174198556856,2,53,11,160.92,1
250,39,127461,2033,0.05963516791831419,2,45,9,50.52,0
251,46,38299,2236,0.5955238535168673,3,47,14,337.95,1
252,23,36771,1395,0.19912809944568358,1,45,9,947.29,0
253,39,111374,1675,0.3012751439496021,3,52,7,613.11,1
254,40,52393,750,0.4484536175943936,0,46,3,389.69,0
255,52,46382,2344,0.565170030401908,1,50,13,151.37,0
256,27,127572,1670,0.38856959786279316,0,55,3,312.25,0
257,61,94643,2283,0.17094335185087575,1,55,4,38.27,0
258,53,55138,1923,0.3047980325462673,0,54,7,454.46,1
259,60,75437,1688,0.24822718924623807,1,47,7,516.53,0
260,59,118646,844,0.34426834587930183,0,58,12,1341.32,1
261,38,87290,951,0.5347976706904454,1,49,12,120.66,1
262,60,102153,244,0.0,1,57,14,7.45,0
263,21,90120,1462,0.2882915254958764,5,44,2,315.52,0
264,31,93256,3166,0.2773925545419472,0,46,12,490.75,0
265,48,70993,1027,0.16148579826565404,2,56,5,625.04,0
266,45,70283,221,0.4378236115624424,0,58,7,86.14,1
267,43,76676,2377,0.13775361921859278,2,52,7,121.39,1
268,51,88361,3218,0.15501585810555127,1,60,6,287.46,1
269,50,62917,1978,0.47766038210309203,1,49,10,160.55,1
270,62,73051,1973,0.5750857053444003,2,53,10,787.91,0
271,55,62241,1614,0.3385854847082061,2,43,12,256.8,1
272,27,72892,723,0.1673905821516101,1,39,8,642.93,0
273,36,38725,929,0.2441668862332625,1,47,3,347.59,0
274,46,135149,1609,0.5012002920867568,4,47,1,593.28,1
275,68,51676,1494,0.36746573609950905,2,48,3,161.79,1
276,69,60963,1730,0.33484418346771155,4,52,11,712.13,1
277,22,49518,2297,0.3969574564869719,1,50,2,128.4,1
278,21,85392,1450,0.3443510084711839,1,62,2,315.95,1
279,68,65099,2309,0.5818568446488825,0,41,14,96.32,1
280,32,45904,1454,0.23762851029595983,1,33,14,258.14,0
281,25,86422,2422,0.22040613247471796,2,43,2,153.19,0
282,57,89791,1851,0.14248197228970158,1,53,5,124.08,0
283,52,68328,1538,0.26900185464114645,1,50,13,1364.32,1
284,29,53409,1841,0.1862036788000768,1,56,1,69.78,0
285,61,124776,1623,0.38271132629790855,2,60,10,619.2,0
286,55,78501,1867,0.3531421048287715,3,57,4,1658.21,0
287,39,38148,2254,0.18813867498980352,1,43,14,8.04,0
288,68,105351,1747,0.43837090385419586,1,55,10,480.29,0
289,36,48605,1578,0.577521930069481,0,58,5,116.63,0
290,23,138546,1125,0.4036757523006535,2,58,2,16.53,1
291,40,71991,2147,0.0,1,46,5,206.26,1
292,44,95332,2008,0.6480696456005157,1,58,10,1094.69,1
293,53,17999,1090,0.4620385203606589,3,56,4,4.73,0
294,44,37896,2301,0.6434627379782676,1,63,8,354.58,1
295,31,103346,1081,0.5136085379224751,2,45,1,278.38,1
296,69,77945,2417,0.5435773128305839,1,63,12,826.64,0
297,28,121059,2212,0.38079003404016265,1,52,5,35.1,1
298,56,82129,2051,0.3106555981715251,1,55,14,457.69,0
299,58,73632,1573,0.40602217815982405,1,45,14,455.91,1
300,60,112839,2145,0.24368223796301908,4,52,11,442.35,0
301,40,95253,2445,0.4150821276350348,2,51,12,1141.24,0
302,55,65093,2155,0.0,1,52,10,692.84,1
303,68,42647,1397,0.3564398367821619,2,49,1,17.15,0
304,45,10709,1960,0.5517014180153199,3,61,10,254.77,1
305,55,59058,2479,0.36414628683934486,2,55,10,202.97,0
306,45,40341,3119,0.6091224107046481,1,54,4,148.51,1
307,49,134942,1676,0.3104381918227092,3,47,8,240.11,1
308,38,53740,2314,0.5003976369481742,3,50,1,193.93,0
309,66,53057,2480,0.21825948894899508,2,39,11,226.49,1
310,38,31968,1312,0.4942934929333067,0,49,2,1550.31,1
311,22,63342,2869,0.3848892362341724,2,52,1,37.12,1
312,55,53386,1160,0.31703742562359066,0,41,11,1021.6,0
313,36,113443,2285,0.0,0,41,7,261.75,0
314,61,74211,1983,0.3118434836291675,2,35,2,390.99,1
315,56,69778,1833,0.38201795289197155,3,42,1,709.21,1
316,53,66633,3328,0.47430641528298756,0,51,12,178.8,0
317,24,89654,1619,0.5841424698648601,3,35,6,225.14,0
318,53,58691,1609,0.6552549052048866,0,54,6,210.73,1
319,34,86680,2598,0.5369401014684476,0,57,10,187.83,0
320,41,110349,2257,0.26568645120437084,2,68,2,1038.94,0
321,68,81501,2569,0.3042793865723391,1,47,1,706.27,1
322,40,63756,1870,0.4608373206565525,0,51,14,46.16,0
323,28,46163,1990,0.4279421689771702,1,55,10,45.77,0
324,27,63121,2940,0.5942518939087043,2,42,3,223.36,0
325,23,84076,1298,0.7219084128064868,0,41,10,41.55,1
326,37,31686,1738,0.6900770292647334,3,49,14,386.08,0
327,53,90788,2278,0.5740907299697517,0,41,5,62.05,1
328,68,75190,1682,0.42918539734143457,0,50,6,295.57,0
329,32,66270,1457,0.5523987594418767,0,52,3,2.9,0
330,42,53514,2171,0.5992161520592594,2,51,9,152.27,1
331,42,58090,2601,0.3279049404117472,1,58,11,452.28,1
332,66,84932,1715,0.27010085412368606,0,47,5,264.69,1
333,50,66794,1698,0.23488684998924875,4,59,13,1531.62,1
334,58,57471,1411,0.2185422899832045,3,62,2,828.92,0
335,58,81714,1622,0.14270070161102139,1,55,10,177.93,1
336,65,82704,2450,0.38748525636765907,1,55,6,18.62,1
337,28,38770,1848,0.20003707983678023,2,63,12,747.35,1
338,47,84287,1317,0.23247167237969263,1,45,8,968.7,0
339,47,132542,1957,0.45518833387650903,5,45,11,687.32,0
340,54,81740,2430,0.37724135993802643,2,48,6,54.76,1
341,41,27524,1462,0.41444374109505117,0,50,4,2469.22,1
342,50,74434,1002,0.5547723142838121,0,48,6,119.68,1
343,53,24229,3114,0.4796794862811192,0,67,8,515.24,1
344,48,149184,972,0.5778329872178994,3,63,8,954.54,0
345,67,125891,1584,0.36199647421671055,1,54,13,107.51,1
346,53,53351,1939,0.5917685886968593,4,45,10,955.51,0
347,25,13858,1636,0.40396051465361893,3,49,2,148.13,1
348,68,48040,1755,0.3753059391642804,3,46,8,1498.83,1
349,39,65475,2146,0.5692289309414755,2,50,6,132.1,0
350,24,25953,364,0.21917694812100574,1,44,2,1226.77,1
351,55,68274,1039,0.6535400851313713,0,52,1,22.01,1
352,69,65310,1826,0.3076849969944071,0,49,6,494.15,1
353,37,73128,1557,0.16728380426760173,0,52,13,303.81,1
354,64,75741,1877,0.4480252928083793,1,53,7,259.94,0
355,48,45859,1936,0.29340177348226093,1,51,14,101.18,1
356,50,48664,530,0.6538710637866876,1,51,14,489.12,1
357,49,71139,2564,0.2850648771822279,1,63,10,84.69,0
358,66,54225,1501,0.39716733760279427,2,49,5,321.94,1
359,26,92687,1280,0.13616100267828452,1,48,14,116.81,0
360,55,70897,1925,0.4719371367346207,1,57,10,1246.0,1
361,61,116625,1864,0.2333914886211643,1,51,8,11.62,1
362,57,90512,2518,0.45399870354989014,2,58,11,89.12,1
363,44,97592,1963,0.2857482140441207,0,48,13,110.99,0
364,49,73314,2494,0.042959796991580035,1,55,12,213.82,0
365,69,73934,1237,0.3696785135515825,0,54,9,105.97,1
366,66,113283,1885,0.36296427756176525,0,44,4,270.4,0
367,51,60542,1131,0.48216073604339194,0,40,7,823.75,1
368,55,83669,1858,0.5834000857758805,2,44,8,498.01,0
369,53,63344,1731,0.6368614114875197,3,50,13,346.96,1
370,41,63284,1705,0.4796231320206329,3,51,6,37.29,0
371,52,40777,1710,0.3917928788098877,0,53,2,473.66,1
372,43,51437,2241,0.1358999615726802,1,48,7,72.81,0
373,53,46793,835,0.38030314054850106,1,48,13,617.4,0
374,23,84859,1260,0.3822410254908399,2,43,9,115.1,0
375,38,96005,1775,0.32020396105159576,2,52,5,215.86,0
376,45,67631,1092,0.44494514759012127,1,55,2,172.6,1
377,62,75740,1827,0.5182858566473201,0,52,4,783.07,1
378,51,66188,1769,0.2272394104206974,1,44,3,54.12,0
379,23,49730,957,0.2249023468700799,1,48,4,333.56,1
380,60,91556,928,0.3291061982335056,1,39,10,61.29,0
381,66,86313,225,0.2577156213938115,1,51,7,488.04,1
382,44,22686,1067,0.10381201964602055,2,55,10,941.88,0
383,52,62922,1808,0.20051108955155725,3,65,8,228.09,1
384,67,47949,1893,0.16515182794438388,2,51,1,267.84,1
385,42,60226,1921,0.5312675762027229,0,45,13,1049.24,0
386,43,53239,1333,0.6054240509013917,2,54,8,294.41,0
387,22,68839,1789,0.18568498140581197,0,48,5,267.46,0
388,47,61752,2038,0.43191102697056666,2,48,12,345.41,0
389,62,61221,1039,0.48102746367046256,2,56,7,467.48,0
390,22,97684,1873,0.1261596820010204,1,49,11,45.22,1
391,46,83929,2193,0.3741468420768499,2,46,11,688.39,0
392,37,52402,1505,0.7300274248019789,0,57,1,228.73,1
393,60,56111,2437,0.4515720299536446,1,57,2,30.04,0
394,53,82294,1519,0.3132049188001204,1,55,1,617.05,1
395,29,82260,1283,0.26597202121726865,0,54,5,189.25,1
396,63,54905,2134,0.0466307622918658,1,56,14,42.31,0
397,68,64150,3019,0.4205710484175098,2,49,14,401.81,0
398,59,116170,1851,0.6421725180881472,1,40,6,848.54,1
399,49,55336,2180,0.22796843684031187,3,73,10,874.82,1
400,62,117770,1494,0.05966229807244078,1,46,9,1264.84,0
401,46,97591,1055,0.25036637279701635,1,53,8,809.09,1
402,55,113135,1899,0.48223996189673124,1,53,7,0.86,1
403,45,54273,1994,0.28572499927668715,1,39,12,191.37,1
404,44,65786,1585,0.22692978606303676,1,40,5,682.69,1
405,33,58770,2178,0.3528732372586788,1,34,14,182.44,1
406,27,98168,1407,0.38445511207517824,2,53,3,368.07,1
407,56,55807,1258,0.1417414788842458,0,57,9,372.88,0
408,65,88280,2436,0.3174074454594764,2,47,13,181.67,0
409,40,86957,2439,0.27540985791164924,5,38,5,939.34,0
410,21,68799,1419,0.2538643476127876,0,56,3,279.85,0
411,28,102466,2831,0.1974444995912828,2,56,3,250.03,1
412,66,72691,1627,0.49118867821921963,1,61,3,2398.79,0
413,36,90852,1850,0.2533419606802958,1,52,14,272.09,1
414,34,57632,1749,0.050758207128007216,1,44,6,78.6,1
415,32,51914,2114,0.38964467329631497,1,45,1,287.85,0
416,43,88278,1962,0.45877992090097763,2,47,11,672.84,0
417,35,80771,1954,0.23059759021761836,0,57,4,599.98,1
418,48,76082,1188,0.26605059653240504,1,56,13,621.57,0
419,54,61407,786,0.2526419419357441,1,46,8,492.43,0
420,22,108730,2485,0.2980019957854834,1,46,3,117.33,1
421,52,42085,1472,0.5160275273284732,2,46,5,792.44,1
422,43,40716,1770,0.3328911241441465,1,41,2,895.63,1
423,42,93554,1996,0.4759390318500808,1,62,2,86.34,1
424,45,91502,2777,0.20467525526798705,2,51,11,55.91,1
425,42,78844,1896,0.29244643706285234,1,53,13,1485.35,1
426,42,62801,1563,0.49310207237709597,2,45,7,810.96,0
427,69,82560,1485,0.22915919023606107,1,55,10,894.85,0
428,62,113020,1777,0.5018204691362795,1,39,3,869.95,0
429,26,132888,1254,0.25574238635072927,2,39,5,312.08,1
430,35,28589,1817,0.30175062274123704,1,58,3,415.84,1
431,63,59526,1768,0.6005243881023388,1,50,6,315.3,0
432,57,57955,2784,0.2846271534250653,0,46,13,21.03,0
433,53,110662,1749,0.3718018704125952,2,45,10,547.39,0
434,28,7967,645,0.4424654633782604,1,43,3,281.55,1
435,64,82845,3404,0.38397629745080164,2,46,8,417.32,0
436,64,63579,2374,0.38825800233343644,2,49,2,279.38,0
437,25,110952,3049,0.34151903840273984,1,43,3,270.76,0
438,59,107525,1105,0.15466411864755156,2,56,8,75.39,1
439,24,79137,1666,0.40224339951496374,3,36,8,130.69,0
440,26,30506,2204,0.24012973144825184,4,47,1,69.2,0
441,65,55652,2121,0.4663650826104765,1,59,8,87.1,1
442,52,58390,1984,0.5558092135924528,4,56,10,1444.43,1
443,50,36838,480,0.07916641078744768,0,57,2,66.48,1
444,67,98864,772,0.5560711741140656,1,35,12,125.48,1
445,55,33664,2710,0.2883413312199435,0,64,7,357.21,1
446,60,119133,2817,0.33035761667232905,0,39,6,376.83,0
447,36,119070,1736,0.21314188212314153,3,57,2,66.88,0
448,33,60373,2634,0.3782701593599415,1,49,5,631.4,1
449,62,78212,1186,0.3600222324766108,2,49,7,615.22,1
450,50,68192,1323,0.5115384237939276,0,54,8,108.37,1
451,39,92545,1138,0.23879100850546142,0,53,3,136.25,1
452,37,101866,1290,0.5991203602906863,3,47,1,1112.17,0
453,39,76449,2233,0.4497071129463334,2,53,13,698.73,0
454,48,81727,1282,0.3636453465163113,2,59,7,478.66,1
455,46,54484,3143,0.32288234541567634,6,49,13,34.32,1
456,57,80917,2076,0.30401458292992245,0,64,5,216.7,1
457,46,74069,2450,0.3137984338390243,2,57,5,327.76,1
458,43,47205,2093,0.375260293540321,0,44,7,83.01,0
459,29,69649,2528,0.3186500058959401,0,55,1,237.85,1
460,32,60420,1279,0.25392058152387686,5,46,8,367.54,1
461,21,54762,2668,0.3761688942255053,2,51,12,158.63,0
462,21,41337,1884,0.22455678219119188,2,51,14,607.37,1
463,67,71562,2525,0.39837003515026204,2,66,10,734.16,0
464,54,50488,936,0.31653994467788876,1,56,5,156.39,1
465,52,58222,1908,0.45450963638477654,3,60,8,729.69,1
466,68,96878,1887,0.4983611316043215,2,51,10,43.74,0
467,45,85802,1428,0.4983020840517108,3,58,10,727.4,1
468,60,45530,1987,0.39771575840789386,2,44,5,66.3,0
469,65,78797,2723,0.41522468311502675,0,44,12,34.63,0
470,21,73319,1382,0.3015873460822347,1,41,7,410.64,0
471,36,112542,2377,0.4516459532725021,0,62,10,255.42,1
472,59,104578,1123,0.46857520409925846,2,55,3,953.91,1
473,25,31656,3065,0.11490062697132081,3,44,2,180.51,0
474,42,91528,2270,0.40675207934108953,5,56,6,135.39,1
475,49,101629,2835,0.5552194711563301,1,69,5,277.85,1
476,23,83983,2203,0.2965564558092823,2,43,9,243.48,1
477,32,61614,2034,0.26381795357991805,1,54,10,168.9,0
478,46,130334,2275,0.28702048083705206,1,56,4,473.33,0
479,36,86285,1718,0.12426860107563098,2,50,11,570.12,1
480,57,119413,829,0.36889759316733656,3,55,3,766.89,0
481,42,103786,2068,0.3544948160145877,2,58,9,1442.65,1
482,49,81603,1346,0.3795540249315951,1,40,8,124.06,1
483,34,55507,1139,0.41239649318267024,1,58,6,503.64,1
484,48,69397,2181,0.2303009896727785,2,50,1,200.52,0
485,25,64452,1632,0.3909798798533065,1,51,14,452.14,0
486,67,39637,2416,0.41647979898735943,1,57,10,258.49,1
487,69,86257,1326,0.2767412403774452,2,46,13,2031.55,0
488,50,109183,1517,0.4130176997377959,0,54,12,522.11,1
489,66,62542,2490,0.3621059939580112,1,59,11,1218.74,0
490,25,124091,1967,0.25532153458349294,2,48,1,720.65,0
491,32,31060,913,0.39241830447255144,4,51,12,932.81,0
492,36,96359,1954,0.3063933884970171,0,40,6,673.71,1
493,46,111788,2688,0.45455979110215805,2,56,13,245.85,1
494,46,64899,1512,0.31412504298964433,2,44,3,116.03,1
495,68,65348,2158,0.15653516273524098,1,39,3,185.02,0
496,41,96069,1290,0.3900480478291476,1,50,6,8.18,1
497,59,82649,1717,0.38441048717471515,1,40,13,296.93,1
498,56,20064,2453,0.18782943308035077,2,51,3,281.33,1
499,53,48915,1931,0.4625804173152958,2,50,13,297.99,1
500,50,69661,2573,0.4547331254203218,2,64,11,1460.34,0
501,57,35757,2055,0.2195029711287637,2,52,10,969.69,0
502,43,58145,3131,0.25105605484101323,1,43,6,70.56,1
503,30,36382,861,0.328698858045571,3,53,5,184.11,0
504,25,60745,1669,0.2361721803443543,1,41,4,220.63,0
505,56,61584,1149,0.44605957773675164,0,59,8,178.85,0
506,54,78793,1190,0.37234579239908144,1,50,2,640.78,0
507,51,67706,1195,0.18596642811676461,0,46,12,296.97,0
508,30,82569,1900,0.22662936307260648,0,54,14,339.55,1
509,39,79588,1935,0.5281578765749602,0,44,11,766.97,0
510,52,95783,2056,0.5803343566873123,0,56,7,655.81,1
511,21,91844,1126,0.43080934640787627,0,54,4,56.72,1
512,25,89203,1605,0.3183087117274529,1,54,2,500.59,1
513,65,147621,1221,0.2840055631390135,0,63,7,228.68,0
514,24,78685,2361,0.4324549127466507,1,48,13,139.62,0
515,36,134839,1277,0.361388080138923,0,49,1,20.53,0
516,44,80305,1671,0.10848928288784349,0,49,4,267.19,0
517,36,67928,2136,0.5047801973802245,2,55,9,175.67,1
518,22,60670,1430,0.5518704901044303,0,39,14,115.88,1
519,69,107743,2216,0.46058787994147965,2,63,4,474.55,1
520,48,111012,2757,0.18625832080576876,3,42,12,586.98,0
521,52,84994,1913,0.25447603254149903,0,47,13,112.3,1
522,47,98338,2340,0.07134202079634328,0,56,3,20.28,1
523,40,38069,555,0.5894072737093333,1,50,10,755.54,1
524,44,31280,1542,0.29648921551114577,3,40,10,4.0,0
525,32,101158,1910,0.6999933982474673,3,39,2,1106.56,1
526,55,66829,1168,0.6432845046361667,0,53,14,395.14,1
527,53,88732,1924,0.21448603754465845,0,49,3,155.35,0
528,53,52067,2435,0.24375983908954796,1,47,1,113.2,1
529,63,111424,672,0.41992855135206797,2,55,10,3.62,0
530,57,31489,1086,0.08681868442005947,1,39,8,107.4,1
531,32,35360,1910,0.2842611323932157,4,41,1,59.27,0
532,23,106107,2076,0.26927614981899073,0,43,3,378.87,0
533,21,4753,2242,0.6276748912920063,2,49,14,72.87,0
534,53,79464,1866,0.3741526828256683,0,52,3,300.84,1
535,60,67316,2076,0.3072849533694206,1,50,13,356.75,1
536,30,51601,2342,0.2552772900972048,2,50,2,141.55,0
537,63,65001,1551,0.48410743959871905,0,60,14,14.28,0
538,64,48811,1434,0.27549337641043875,3,42,5,15.19,0
539,49,108556,1698,0.342457553845625,0,41,10,10.68,0
540,33,115112,1919,0.25413147162920535,2,42,3,537.49,0
541,32,52856,1405,0.12236943019769084,1,57,3,153.1,0
542,51,76888,1563,0.20059473084460042,1,41,8,636.44,0
543,66,36873,2038,0.27470424389529596,1,49,4,226.07,0
544,22,96826,1894,0.3105117754604556,3,56,4,241.32,0
545,55,96175,1688,0.3170864111114739,0,50,3,287.7,0
546,43,62618,755,0.33666204492218565,0,54,11,499.35,0
547,37,70422,1797,0.2766968554773486,0,50,1,127.81,0
548,46,67655,1217,0.5523689522252608,3,40,8,51.86,1
549,28,29538,2389,0.4921976179785473,1,56,1,324.82,0
550,49,108650,1614,0.32973360992137424,0,53,7,158.39,1
551,46,50826,1202,0.3881387419611494,2,47,5,233.71,1
552,30,50996,1763,0.2941867637820567,2,42,4,416.45,1
553,46,66239,2562,0.0,1,39,4,272.59,0
554,54,94888,2178,0.35307395193890373,0,47,8,387.33,1
555,61,55217,1931,0.39584215418768237,2,55,11,314.28,0
556,27,21195,1004,0.10810073629396588,3,54,11,538.52,1
557,24,47825,2772,0.42491166037919037,2,51,13,489.58,0
558,65,80603,1427,0.3079134983082786,1,40,14,305.59,0
559,31,124743,2360,0.4006900580951993,1,48,6,454.4,1
560,49,38502,1604,0.3124402028944871,1,51,14,827.19,1
561,56,37587,2302,0.5376431711340273,0,45,12,226.44,0
562,45,32185,2584,0.383934323087613,3,46,1,212.93,1
563,41,29081,2188,0.500362468800801,2,52,14,577.99,0
564,56,100142,2253,0.5127089213262417,0,40,10,349.44,0
565,30,107367,1740,0.1820666410867384,3,59,8,29.46,0
566,57,74443,1539,0.2391474694968278,1,49,13,890.66,1
567,29,58307,1882,0.4177416024089384,2,58,14,12.51,0
568,44,114778,1596,0.2951694074362741,3,47,2,551.96,0
569,55,74347,3280,0.3142089846115556,0,49,6,568.84,0
570,69,97235,1204,0.5429847233255914,1,47,9,1223.99,0
571,55,57088,2401,0.3034450432711895,0,53,1,22.26,1
572,68,71106,2110,0.20466059776271264,3,59,6,363.39,1
573,56,39066,1937,0.2249299997546608,1,36,8,223.34,1
574,38,85731,2687,0.6773534751789052,1,54,10,160.57,1
575,69,74773,1979,0.32326707794221443,3,51,13,37.86,0
576,59,47635,1419,0.14536283671731343,0,45,2,330.81,0
577,52,47972,1975,0.08458121070251085,3,50,5,260.83,0
578,44,110398,1690,0.25630450359888296,3,47,6,44.17,0
579,43,119291,2101,0.3205216820858925,0,52,5,379.2,0
580,52,64671,2287,0.49237605596415085,1,58,3,535.69,0
581,57,71693,1284,0.477851774969265,2,54,4,583.16,1
582,32,80002,2517,0.3490480368390747,3,45,7,943.13,0
583,69,73700,1647,0.28187471207606163,2,42,4,210.69,0
584,33,28142,2066,0.4009402780132535,1,52,9,1223.66,0
585,43,80696,2170,0.0876880885795418,4,45,11,802.27,1
586,45,17802,2020,0.6471621340893826,1,47,12,140.68,0
587,55,51682,1734,0.44811583937849164,2,58,14,69.4,0
588,61,82635,1506,0.4800485329592408,2,47,13,228.65,0
589,50,84999,1638,0.18887699271850839,3,58,13,205.6,1
590,37,49748,2739,0.5423972961944894,1,36,10,342.94,0
591,69,58539,1280,0.2809974258460557,1,50,2,350.24,0
592,40,55154,1368,0.20711628157721548,1,60,5,554.5,1
593,68,67428,1342,0.344124144409067,1,42,8,285.25,0
594,45,69330,1881,0.3406167371017439,5,47,14,44.29,1
595,42,86711,885,0.18821943912320047,0,53,5,781.59,0
596,33,57077,987,0.2157593969687952,2,48,10,148.29,1
597,39,79334,1643,0.20401523370079247,1,45,12,1420.31,0
598,69,82675,1027,0.2054427398214763,3,33,8,50.16,0
599,56,74957,1076,0.2917853139350599,3,50,8,1270.43,1
600,32,63509,1031,0.1416522295741313,0,43,9,38.17,0
601,61,74516,1292,0.24629382538790962,3,55,10,105.08,0
602,39,88793,2238,0.5067701822576404,0,37,6,19.08,1
603,32,90979,2373,0.4734964178156275,1,35,12,488.47,0
604,29,115384,2951,0.19251811386608678,1,45,4,759.65,1
605,27,45249,2929,0.493730737594135,0,46,12,227.71,0
606,48,58999,2271,0.055034109629592654,2,45,11,1055.35,1
607,34,29663,2416,0.714371648301823,0,53,3,356.93,0
608,51,93275,1878,0.5450469788203388,1,55,12,397.71,0
609,39,61637,2111,0.26604021317898396,2,58,14,746.82,1
610,67,75154,2966,0.4073639842602665,1,55,5,140.85,0
611,36,54891,2022,0.13986210078363062,1,56,6,174.95,1
612,25,61832,2491,0.359066418488872,2,39,3,945.58,1
613,55,100579,1239,0.32245054512462995,3,39,2,924.91,1
614,32,87355,1400,0.22478549159114064,1,35,7,1500.01,0
615,45,67211,1987,0.2797163770511211,0,61,11,928.46,0
616,41,89195,1889,0.26495187862858594,1,54,5,54.5,0
617,56,89747,1428,0.18023949210235468,5,56,9,694.28,1
618,43,60214,3244,0.22127791311550052,1,48,3,210.94,1
619,36,33273,1903,0.1337233361000431,2,40,14,1875.48,1
620,59,47520,1534,0.47859961483409263,1,46,8,255.68,0
621,65,36486,1890,0.21018308803155963,1,41,6,322.83,1
622,62,99110,1815,0.16669686926447685,3,38,4,301.82,0
623,59,103452,1912,0.4762257019723995,0,59,12,155.29,0
624,34,109659,843,0.4054430531508995,0,46,12,31.19,0
625,51,19511,2575,0.47067515839234386,2,41,9,904.01,0
626,25,96785,2609,0.48741248362949813,3,59,5,649.16,0
627,55,125304,2682,0.6406182345407636,1,52,10,60.11,0
628,43,97799,1995,0.3265940349960223,1,53,6,599.82,0
629,49,16219,2197,0.13135884815067386,3,56,14,393.24,0
630,63,114207,1280,0.3906556701143188,1,47,13,210.47,1
631,31,71042,2299,0.24964930656802736,0,62,9,117.22,0
632,38,64190,1951,0.20637420750266888,4,49,7,785.67,0
633,67,81277,1523,0.3649887758325861,1,34,12,481.84,1
634,32,43774,2318,0.47986290995143843,3,48,5,317.4,1
635,29,70069,2342,0.22460077376055748,0,45,2,376.2,1
636,30,110510,1836,0.5411582130997578,1,42,4,38.19,1
637,64,85559,2063,0.2015579061495776,0,57,2,256.92,0
638,37,71460,1180,0.3134145168011805,3,40,3,86.12,1
639,58,72240,2545,0.4079461822671302,0,54,10,93.47,1
640,27,40465,1260,0.29181511869739124,1,48,12,433.06,1
641,66,66250,1376,0.08359964915921947,1,71,3,968.8,1
642,33,29142,1837,0.4891111237683208,2,48,4,206.84,0
643,60,95561,2468,0.2564803489465959,2,52,6,93.15,1
644,62,15357,2468,0.4617347674090539,3,42,12,418.5,1
645,29,91372,1797,0.16037837974585067,4,53,3,819.76,1
646,47,94485,2263,0.1859845126855382,2,41,10,551.84,1
647,22,102969,786,0.47936501143330357,1,52,14,812.28,0
648,25,72171,1368,0.4010762139113035,1,57,1,307.63,1
649,49,92915,1380,0.2842121433972985,2,58,1,557.53,1
650,57,66006,2551,0.4032547397256256,0,47,9,60.36,1
651,58,40332,2192,0.20689412966834628,1,51,9,171.25,0
652,39,108268,1910,0.3665388676233364,1,45,5,197.42,1
653,28,67577,1969,0.36928308850850977,0,53,9,286.4,1
654,68,34762,2741,0.29393275922134565,1,57,11,1058.46,0
655,65,58329,1697,0.2247071441613862,1,38,7,829.53,1
656,21,59316,1011,0.360537286732219,1,46,9,57.79,0
657,42,81542,2452,0.34175282850486527,1,66,12,75.88,0
658,37,128676,1909,0.2801266881620586,4,42,7,177.04,1
659,27,83060,2372,0.19492782947288748,2,45,9,137.42,1
660,45,75171,1773,0.3518715574003201,2,53,2,381.57,0
661,65,131394,1296,0.2805016452745091,1,44,11,932.3,0
662,24,94472,2041,0.19480135693446,1,46,11,1311.15,1
663,56,76356,1806,0.3565294716137167,0,41,8,424.07,0
664,26,58014,1910,0.5912458208083079,0,57,7,728.46,0
665,51,77905,2769,0.2949758501139383,2,46,6,297.95,1
666,39,68340,1140,0.5746664811863034,0,55,5,93.44,0
667,64,72285,1971,0.6671497572095143,0,53,4,297.51,0
668,59,102860,1308,0.2069871646433487,2,63,7,323.95,0
669,47,56491,245,0.3513566312298446,0,47,3,542.63,0
670,30,82838,1770,0.6655597876724464,2,60,8,99.32,0
671,46,93723,1818,0.33183800578864336,0,53,2,183.74,0
672,39,53447,2174,0.35552182186480996,3,50,1,181.04,1
673,59,49434,1669,0.09949917884376624,1,47,11,1281.99,0
674,23,66241,906,0.27025071495204983,2,48,2,234.76,1
675,65,58459,1306,0.4333383027003405,1,61,9,562.75,1
676,33,98808,2590,0.7143923964426875,1,50,5,555.82,1
677,48,44955,1298,0.3205989749792464,2,53,11,123.45,1
678,40,71711,2749,0.10060605166229675,2,57,8,339.33,1
679,48,133651,2429,0.13921262138400364,2,45,3,898.87,1
680,28,80326,1609,0.3446315471092555,1,49,7,257.89,1
681,61,84482,1362,0.5265810197078373,0,60,2,1161.02,1
682,59,99017,2428,0.44560305243130927,2,51,8,96.55,0
683,21,58426,1655,0.4190383795265189,1,50,14,30.82,1
684,23,42964,872,0.5463716580376394,3,47,7,888.23,1
685,33,74412,2137,0.24196563687215727,5,48,12,752.71,1
686,48,76635,2050,0.35286420799363477,2,51,5,1961.96,0
687,69,29544,2482,0.27194268196964066,1,46,12,455.02,1
688,45,79376,2009,0.3092816396821889,2,52,11,1103.87,0
689,53,96746,1470,0.19905959685117722,1,53,4,701.67,1
690,58,47176,2561,0.2984035892849306,1,68,1,744.25,1
691,26,80888,2620,0.3458426650631901,1,40,5,336.79,0
692,64,92306,1939,0.29427927502076745,2,49,12,192.74,1
693,65,84666,1836,0.3258407745479297,2,48,9,1090.64,0
694,52,87025,1006,0.4107560815155779,0,53,10,226.34,0
695,65,63879,1435,0.5358043653596598,1,36,4,309.59,1
696,67,41812,2256,0.5466733802168897,0,50,13,236.32,1
697,41,58821,1465,0.4642132651095488,1,30,9,332.8,0
698,36,55348,925,0.1610027782342526,1,50,12,254.33,0
699,41,67993,3897,0.29593850216452194,0,41,2,19.66,1
700,31,97331,921,0.30885724539310977,0,48,4,854.99,1
701,57,37203,3154,0.2514275253817153,1,48,9,235.08,1
702,56,73606,1615,0.401352676854441,1,46,4,355.61,0
703,55,43414,1749,0.11085072600778131,1,50,5,59.95,1
704,39,51498,1396,0.6040349704292437,2,57,11,1.36,0
705,40,83968,2269,0.5292831007282571,2,45,8,112.57,1
706,38,40251,936,0.42173033928526366,3,47,1,487.75,0
707,67,88356,695,0.3406836005119723,4,62,1,41.79,0
708,61,36195,2766,0.534325894260883,1,49,9,958.26,1
709,69,86674,1317,0.45341074051704006,1,53,9,96.84,0
710,34,31261,2247,0.5159956676327139,1,53,4,91.56,0
711,35,54554,1148,0.34114218766102394,2,61,13,80.12,0
712,51,117412,2225,0.6183969628796251,2,54,2,5.63,0
713,21,112713,2810,0.5250331813534784,0,53,13,591.02,0
714,23,59686,1483,0.4264304443153897,1,55,9,831.89,1
715,36,79749,639,0.5383959380646732,1,55,14,380.94,1
716,43,100101,2813,0.28712570872490417,1,36,4,83.4,0
717,31,87032,2355,0.174874946097946,1,45,6,134.34,1
718,32,63163,1515,0.39823257695712133,1,58,12,258.45,0
719,30,51284,1669,0.34143643312797967,1,54,1,1234.67,0
720,52,91702,1133,0.3203423986583556,2,53,12,113.66,1
721,36,98267,2652,0.5324468059024104,0,43,9,526.18,0
722,28,112892,1479,0.37507088198159455,2,48,5,231.53,0
723,58,27818,948,0.3895353610303226,0,57,3,141.44,0
724,32,38671,1928,0.30094211618688554,0,50,4,243.46,1
725,44,99048,1283,0.4821684708919288,0,40,1,29.55,1
726,48,31211,1181,0.4552813671961879,0,45,14,641.16,0
727,28,100963,1541,0.48104895153414395,2,45,9,111.52,0
728,48,64626,1851,0.2754104050045732,1,55,14,516.99,0
729,56,56977,971,0.5456132690070492,1,52,8,28.32,0
730,46,75135,2631,0.6258152635649559,5,50,4,1241.31,0
731,28,36365,2206,0.4763057595987058,0,54,2,85.78,1
732,48,90600,1580,0.22860675691335636,2,43,14,857.35,1
733,48,112240,1257,0.2296696573645698,4,58,9,663.18,1
734,57,91764,1746,0.2936934566610368,4,43,4,1375.06,1
735,61,63837,2339,0.2653434178972218,3,55,9,259.95,0
736,56,31549,2246,0.3393361061469103,2,55,10,519.9,0
737,47,32510,2435,0.44486636995517714,1,57,3,185.27,1
738,37,36758,1511,0.39349286611247725,0,44,7,81.52,1
739,29,69693,45,0.3803433584579433,0,37,7,234.13,0
740,53,72835,2548,0.31381958752997813,1,45,10,72.49,1
741,40,91711,1699,0.33892311092531757,2,61,13,1607.95,0
742,33,25099,2199,0.4694863261293502,3,50,4,40.48,0
743,48,102780,2801,0.04820629587502778,2,51,2,355.87,0
744,68,87360,3260,0.34829143872819024,0,47,11,393.9,1
745,49,61829,1410,0.39319813923909874,1,45,9,308.95,1
746,33,40255,1880,0.4675374602820939,1,47,4,434.1,1
747,66,101228,2620,0.19849310910742632,2,46,8,49.4,1
748,55,62497,1293,0.19056354763203218,1,49,14,323.89,1
749,26,69499,1450,0.43759324923172005,4,43,2,135.43,0
750,38,79590,1447,0.06433216396146257,1,47,8,1126.54,1
751,25,47170,1783,0.5498283666141178,1,50,11,574.31,0
752,67,62945,1667,0.38398879872392155,0,47,10,1437.64,0
753,45,91632,1443,0.5838081819265155,2,50,5,15.31,0
754,22,89102,1220,0.18693914351457305,0,56,7,134.26,1
755,30,89327,2287,0.2845460796922639,1,47,7,86.98,1
756,50,41120,2602,0.0,1,51,12,4.49,1
757,65,64085,2689,0.23064653555070858,2,45,9,111.0,1
758,25,60090,1511,0.3224229678917181,2,50,3,454.25,1
759,53,80629,2312,0.05559386299873448,1,53,10,105.11,1
760,21,78391,1941,0.29080597817024006,0,38,4,284.53,1
761,38,73885,1457,0.05189897347096334,3,52,10,875.05,1
762,52,131643,2240,0.3113809722632862,0,38,4,473.35,0
763,67,62729,1430,0.5220667890662355,5,46,13,200.77,1
764,69,59804,1574,0.34475303748288155,1,44,10,186.38,0
765,31,41081,973,0.5987311058917704,1,46,5,243.33,0
766,41,31553,1521,0.46794388450919144,0,54,14,77.94,0
767,46,39492,1952,0.5522221772910456,0,48,6,402.05,0
768,45,52032,2741,0.23525821386825743,2,51,3,181.12,1
769,42,102751,1587,0.23162875574110964,3,52,13,765.21,1
770,47,70979,1177,0.40184201245780526,4,53,4,565.14,0
771,69,74833,2698,0.11334468625507113,3,56,3,377.17,0
772,33,67593,1497,0.42067156246431353,2,46,2,181.15,0
773,53,79132,750,0.30141202751796053,2,57,10,94.25,1
774,54,105051,1879,0.5494995256319986,3,47,12,598.71,0
775,61,20151,1605,0.45192683811191153,0,51,9,266.53,0
776,55,100458,3180,0.514505964551019,0,38,1,101.83,1
777,21,7124,2085,0.2368690877907429,4,43,2,86.85,0
778,41,70705,1712,0.5072315403142592,2,36,8,72.32,1
779,68,124797,1245,0.5667068741546424,2,50,7,600.52,1
780,26,87016,1998,0.34419292649294886,1,62,12,104.02,0
781,48,79326,2674,0.23909740709502675,2,52,1,299.16,0
782,37,120048,1987,0.24173191981483855,2,49,5,240.26,0
783,25,52423,1291,0.5358519488023947,4,58,10,346.63,1
784,51,80849,2123,0.7526518613634967,1,58,6,838.73,1
785,25,84452,1770,0.20275323947371668,1,58,5,809.22,1
786,58,56939,2069,0.19122199249361596,1,49,4,239.92,0
787,23,59147,1587,0.4882121271011718,0,53,14,6.19,0
788,43,56405,1573,0.23691297059500332,0,44,13,222.36,0
789,57,72182,1549,0.5027533076342404,0,62,1,372.76,0
790,57,83667,2365,0.41980192602899685,2,42,7,326.37,0
791,30,73080,1579,0.3464034046253054,2,62,9,421.46,0
792,30,87736,1524,0.41619073017825314,1,51,6,66.93,1
793,39,20771,1234,0.40702975537300906,1,48,3,415.99,1
794,37,64543,2072,0.32305902533207365,0,43,10,80.68,1
795,41,44414,1987,0.08654584525422582,2,46,14,555.36,0
796,34,77543,1530,0.3767976092883552,1,50,4,165.65,1
797,29,77172,1374,0.5859590549096246,1,65,10,495.01,1
798,66,67109,2925,0.10868470051932147,1,46,5,19.62,1
799,21,82756,671,0.20513224697915827,2,47,12,209.6,0
800,65,94945,2095,0.41402404621490163,4,47,12,488.36,0
801,33,68486,2574,0.35578877940984205,1,59,1,102.92,1
802,24,43707,-232,0.41167732393764334,0,40,5,634.46,0
803,21,30468,2276,0.24510226882585068,3,48,1,398.54,0
804,69,70902,1667,0.524368742988846,1,52,9,354.27,0
805,60,76046,1953,0.35703508485353164,0,40,7,174.5,0
806,52,45761,1606,0.4545478283514585,0,58,3,263.46,1
807,54,88144,2445,0.3980416116456644,2,50,9,363.87,0
808,48,58526,2017,0.37632424519414887,1,58,2,255.81,1
809,51,28589,1879,0.4440250485542194,5,40,12,479.35,1
810,28,101410,1260,0.37797319309504257,2,55,7,227.45,0
811,59,98599,2929,0.17147014578567318,2,43,9,90.4,0
812,46,19610,1805,0.5131035238573947,0,57,6,96.29,0
813,54,55934,3173,0.4727190929372275,2,54,10,2.33,1
814,23,54960,2956,0.03397244129632854,3,40,5,143.22,1
815,32,110987,732,0.25186995726864836,3,57,12,552.79,1
816,21,67517,1407,0.506354069373921,2,43,7,632.27,1
817,64,32603,1177,0.07596071802832494,1,45,14,90.49,1
818,25,92052,1771,0.49153503228511164,1,42,6,1278.1,1
819,50,39230,1912,0.3288166196518624,1,43,5,279.19,1
820,50,63491,1937,0.5510423855500985,1,56,14,995.46,0
821,37,50755,2432,0.34982798163868045,1,53,2,490.71,1
822,68,55988,2696,0.24168980105065585,2,57,8,512.68,1
823,67,93431,2380,0.39621284911387106,5,43,13,35.55,1
824,43,108033,1463,0.34544217657350207,1,51,7,99.38,1
825,35,38140,1330,0.22837232987889788,1,52,6,3.54,0
826,57,85651,1801,0.682751522451708,2,45,5,503.69,1
827,41,51681,2055,0.20433527276235278,1,54,5,168.91,1
828,34,52458,1690,0.013556693741030856,0,54,9,617.93,0
829,22,82265,992,0.5872548452182238,3,45,1,165.56,0
830,31,44302,2209,0.26246547915261104,3,56,9,684.44,1
831,59,81765,1564,0.30548401085514565,5,52,6,56.03,1
832,58,88252,1546,0.2963140903056449,2,54,4,76.16,1
833,54,59186,1767,0.2645522848762511,0,54,10,166.74,1
834,58,103176,1656,0.2350711293104831,1,49,14,210.03,1
835,54,38179,1580,0.20047740462545532,3,54,7,171.52,1
836,38,103635,1031,0.3597139642556848,4,53,9,576.97,0
837,50,21400,1732,0.2897018663486547,4,47,5,40.79,0
838,35,137492,2221,0.45955432855009193,2,34,14,173.06,1
839,47,59844,1958,0.4224041077424231,1,44,5,726.19,1
840,54,40942,2368,0.21087317097118935,1,59,8,27.65,1
841,58,64183,1362,0.3662781914108534,1,51,7,1141.3,0
842,53,43838,1033,0.28732425138179696,0,42,13,1716.64,1
843,44,79674,1652,0.20125093360495014,2,49,13,37.1,0
844,35,104191,1431,0.45341473557726986,2,62,8,137.71,0
845,50,45163,1493,0.33180120810374525,0,56,11,186.34,1
846,62,84484,1927,0.28886749697442815,1,52,12,599.14,0
847,37,31681,1498,0.2216649145365081,2,54,10,362.46,1
848,25,95823,1049,0.19580948583899913,2,40,2,413.54,0
849,49,80405,1464,0.6483152035871819,3,50,9,566.72,1
850,24,96904,2004,0.40011779744449943,2,47,3,50.22,1
851,30,66941,2202,0.1863306444195775,4,32,6,716.41,0
852,37,59121,2196,0.3931798847484219,2,44,6,489.15,0
853,30,90402,2054,0.5093024265193307,1,48,2,344.48,0
854,37,37298,1699,0.3751276418795063,0,54,12,881.95,1
855,40,26429,2042,0.5561032013199686,2,48,13,482.0,0
856,44,69875,1774,0.11857802868950493,2,48,7,90.11,0
857,25,60260,1867,0.051301692892968376,3,50,9,224.67,1
858,54,83845,1236,0.38907761327806295,1,63,12,272.52,1
859,26,97288,1826,0.39147442150608247,2,40,10,22.72,0
860,22,83325,2027,0.0,3,47,11,1237.23,0
861,33,95297,2004,0.2564635863196977,0,55,1,55.05,0
862,63,78026,1027,0.1987006528424817,1,57,8,478.22,1
863,63,82364,1857,0.14120806389452653,3,55,2,282.28,1
864,68,67083,933,0.19834373530852836,1,58,14,10.39,0
865,31,81626,1904,0.43936817023990393,1,63,1,1034.76,1
866,67,74166,1379,0.19738924680654374,4,59,8,763.78,0
867,43,78129,2823,0.20253167981272374,0,50,2,297.15,0
868,36,65831,1871,0.10717920367134814,2,53,6,104.0,1
869,51,90223,2280,0.5403364463773739,4,55,6,51.87,0
870,31,52238,3066,0.41519485482059515,2,54,5,180.64,0
871,36,69541,1309,0.0,2,57,8,117.98,1
872,28,102794,2061,0.202663988116522,2,49,3,282.65,0
873,24,46281,1088,0.4292776826592389,1,53,13,1357.4,0
874,60,15953,2006,0.5422088823474255,1,57,10,342.22,1
875,24,79161,2859,0.4761258139049985,2,47,4,882.66,0
876,45,63576,1423,0.29664756346131715,1,39,7,420.93,0
877,23,95271,1268,0.06029347088104425,2,59,7,257.93,1
878,52,66737,1745,0.48053734908669654,0,49,13,771.33,1
879,23,54891,3027,0.30546547230192433,0,57,12,254.99,1
880,47,68104,2262,0.36032930219226045,2,56,14,811.89,0
881,49,97326,1257,0.32338693426872545,3,42,8,137.89,1
882,52,84384,2673,0.1466705750635598,0,43,2,55.16,0
883,39,9152,806,0.4046375318334483,3,63,11,773.28,1
884,41,74644,3081,0.38396885466701697,2,49,12,354.13,0
885,25,75894,2313,0.28613167356278024,3,45,2,879.62,0
886,38,69543,2858,0.42066586997937305,1,57,4,1111.14,1
887,48,54727,811,0.14390006788650408,2,51,13,22.05,0
888,62,99863,1901,0.30964958361753364,0,53,10,278.04,0
889,42,101100,1719,0.3539191209403683,2,44,13,187.98,1
890,41,14920,1195,0.08976085517974064,1,48,9,393.25,0
891,26,50051,1022,0.34143550837459197,0,55,10,631.16,0
892,21,66381,2104,0.46004677200219435,3,44,12,131.73,0
893,25,93712,2158,0.30451536139356983,1,54,9,325.49,1
894,61,70871,2579,0.34488276462284834,2,44,13,493.4,1
895,32,52910,1497,0.434351605885125,1,57,13,57.75,1
896,46,87738,1715,0.2918299836700591,0,57,4,672.95,1
897,66,64716,970,0.30533039006835666,0,64,9,372.67,1
898,54,67064,2724,0.17349447282012992,1,52,14,1194.61,1
899,69,69321,1841,0.3477594834018852,2,42,3,165.92,1
900,34,84357,2233,0.2997727274592829,1,48,12,45.78,1
901,46,62286,2254,0.42486346925799834,1,56,5,282.49,0
902,65,87173,2675,0.4345189931274858,1,53,10,35.89,0
903,47,68173,1301,0.46868135585193216,0,53,9,1396.36,0
904,29,43324,2218,0.27376094736573037,0,53,6,15.78,0
905,46,69080,1784,0.023512837156382582,0,46,3,560.16,1
906,67,44619,3063,0.4612459619697162,1,51,10,297.86,0
907,42,71024,1299,0.4146681446146113,3,63,9,183.94,0
908,67,90736,2502,0.2547062592970865,1,44,6,27.24,0
909,50,43159,2010,0.43324102993510055,2,45,4,389.32,0
910,63,79106,1978,0.13271152962256375,3,47,14,352.0,0
911,68,49274,1832,0.5045360319305412,0,45,4,131.89,1
912,37,75042,2607,0.29995631723089244,1,52,8,964.16,1
913,46,91505,1958,0.22566085804926567,2,51,7,145.03,0
914,56,16762,885,0.25674476656416684,2,64,1,238.94,0
915,21,42138,2531,0.3152772520999681,5,34,6,313.9,0
916,28,60775,2421,0.3481981890050805,4,42,8,42.25,0
917,69,77876,2152,0.357242042059911,2,54,3,1076.25,1
918,55,65840,1122,0.2855588834062814,1,58,14,187.7,0
919,35,68852,1216,0.3800359360192218,0,51,9,33.69,1
920,67,121074,673,0.35124189115001503,2,50,10,195.95,0
921,42,39688,2076,0.2528640506638401,2,58,2,366.72,1
922,34,98387,990,0.23027140633681037,3,42,14,288.33,1
923,46,61250,768,0.4412548314342256,1,48,6,474.38,1
924,48,83736,2564,0.42864890539968575,1,50,12,22.83,0
925,43,123223,2260,0.35857045327418946,1,42,1,133.93,0
926,34,87216,1600,0.4886293198985302,2,63,12,684.21,1
927,44,79312,1719,0.055800851574854815,0,44,11,33.31,0
928,22,109978,355,0.2653408037739945,1,57,2,773.75,0
929,65,98119,2350,0.17655243314980335,0,53,13,38.56,1
930,46,50015,1384,0.6884408397706776,2,46,5,719.4,0
931,34,77363,1998,0.45698297305939795,1,44,1,179.01,1
932,27,27062,306,0.3381407024512586,4,53,8,378.92,0
933,23,56496,2386,0.46774858682692344,1,48,1,66.37,0
934,67,77851,1348,0.5174413495632673,0,57,13,27.38,1
935,43,54947,974,0.5158447537286106,1,50,9,97.31,1
936,66,76834,1596,0.48825552276505296,2,49,10,54.72,1
937,63,69665,1442,0.31061895150769075,0,40,11,149.82,1
938,67,83410,2444,0.2747951870774072,0,56,3,288.93,0
939,65,59395,1547,0.2056716230028972,2,42,12,355.43,0
940,38,46496,2617,0.4253670900093511,5,47,2,624.01,0
941,58,106953,1998,0.3261596397006828,0,48,1,427.12,1
942,55,57607,2336,0.2872293454224206,0,58,9,375.37,0
943,35,86500,1798,0.2794007957408296,0,41,4,212.26,0
944,45,105881,2563,0.5675288945952033,3,49,12,256.84,0
945,57,74066,1107,0.49290206192625063,4,45,1,214.13,1
946,48,48592,1868,0.6245590784192248,3,58,1,738.48,1
947,30,65534,1562,0.4293524449838163,0,44,7,104.55,0
948,59,95438,2637,0.3585431660382347,1,56,2,2.29,0
949,37,75156,2699,0.3461896323882613,3,45,7,421.44,1
950,59,39871,1800,0.19695476791077904,2,49,12,90.49,1
951,42,84916,1025,0.16078715123728987,1,42,7,883.33,1
952,46,89238,2056,0.42610115328393117,1,56,10,783.73,1
953,64,61117,801,0.20979819342751177,3,67,14,31.93,0
954,45,85256,2775,0.38171866308008534,1,44,9,44.99,1
955,37,76125,1516,0.5173200024642817,2,56,13,273.41,0
956,33,65064,1781,0.2501819100453655,2,60,7,375.85,1
957,40,37661,1391,0.6515722451887367,2,53,13,128.58,0
958,45,96948,1258,0.20139573185838508,0,49,14,504.64,0
959,24,88980,2242,0.4985292134734769,4,49,1,361.46,1
960,30,84597,1704,0.4137134271698543,1,49,12,157.11,0
961,23,108613,1825,0.5291142874919227,1,53,13,10.28,0
962,61,93629,1197,0.18257035829604654,0,51,8,554.76,0
963,65,87164,2313,0.6960531375430417,2,45,8,96.7,1
964,38,14669,2374,0.3231837374325641,0,36,4,719.45,1
965,67,99922,1674,0.4514971908948922,1,56,13,218.09,1
966,56,72077,2560,0.5666731233419751,2,60,8,344.23,0
967,67,77812,1737,0.25930068987571764,1,45,4,825.27,0
968,42,77983,2267,0.47385895444207676,0,55,8,796.93,0
969,54,89345,826,0.23427955321677607,2,61,5,185.78,0
970,67,98054,2012,0.5595442370686758,0,50,4,93.73,1
971,28,85856,1637,0.2359728903156899,0,65,6,596.92,0
972,60,81882,1893,0.35577604737436386,2,44,2,227.01,0
973,69,75787,1866,0.395918105151794,1,49,12,85.3,0
974,64,-13790,1875,0.4676449654583923,3,47,2,939.14,1
975,39,62810,2169,0.6452714462639817,3,61,2,88.31,0
976,62,46460,1460,0.2822046515578266,0,41,9,10.46,1
977,61,100268,2141,0.520810216141041,0,55,14,8.2,1
978,57,85475,2539,0.6455387672951205,2,52,10,389.48,0
979,26,58546,953,0.3748600041297376,4,47,3,433.5,0
980,46,61057,1331,0.2674800874819563,1,60,10,149.03,0
981,54,60150,1356,0.09049493908470624,3,47,4,154.27,0
982,65,59704,1144,0.6324913651116593,0,52,10,165.9,1
983,26,33886,1515,0.3133333505113454,3,46,12,455.97,1
984,57,28468,2419,0.1997962251154173,2,48,8,23.96,1
985,53,70726,2668,0.14625048736853558,2,44,4,1058.69,1
986,42,96882,1863,0.19951787144149377,4,46,11,100.68,1
987,41,56557,1605,0.48795579398407474,1,50,10,3210.47,1
988,26,77586,2281,0.5086802791512107,3,42,10,75.27,1
989,26,88356,381,0.4478182807183304,0,43,13,590.57,1
990,68,45165,1166,0.36985067410300465,1,51,7,101.14,1
991,24,69500,407,0.16317191157479963,1,34,5,33.72,1
992,50,53336,1160,0.24050885811469286,2,44,9,831.56,0
993,31,110152,1339,0.18400708839780866,1,49,4,782.89,0
994,50,109061,2686,0.43592315082893973,0,59,3,206.72,0
995,51,45191,143,0.19050312817074433,2,56,13,484.8,1
996,44,79647,1549,0.2428630833419611,3,51,2,325.73,0
997,29,96689,2171,0.3224769135502239,1,62,1,766.81,1
998,23,91208,2046,0.09952997703554795,3,52,11,151.37,1
999,51,72039,2677,0.35701571462612697,1,53,6,296.66,0
1000,60,102663,1896,0.3339270678446695,1,37,10,265.72,1
