CustomerID,Age,Annual_Income,Monthly_Spend,Credit_Utilization,Payment_Delays,Transactions_Last_6M,Tenure_Years,Cash_Advance_Amount,Response_to_Offers,Cluster
1,59,74349,1257,0.4061417270721717,2,59,7,319.38,0,0
2,49,92696,1618,0.0742239752296174,0,58,9,270.74,0,0
3,35,69780,1273,0.2017596712734786,1,40,11,333.38,1,0
4,63,81285,2269,0.0825942884827964,1,52,8,502.82,1,0
5,28,90396,1450,0.4358912161871149,1,58,6,46.45,1,1
6,41,84168,1697,0.4023035677635868,1,42,7,553.92,1,1
7,59,77149,2170,0.3970306950925273,1,47,9,58.42,1,0
8,39,114577,2218,0.2177849587312888,1,54,14,27.58,1,0
9,43,101049,1255,0.2040575331025002,0,55,11,1493.21,1,2
10,31,67855,2433,0.3814170398444625,1,46,6,1258.55,1,2
11,31,47257,2073,0.2495920920843297,0,60,1,24.94,0,1
12,44,85965,1150,0.1969393154251644,1,57,4,234.26,1,1
13,56,75396,1003,0.2737415943112897,0,47,8,82.44,1,0
14,60,112724,1790,0.2508886945947037,2,42,7,265.7,1,1
15,44,94687,2310,0.219991553805732,1,48,3,709.2,0,1
16,23,89105,2325,0.1661348274863597,1,54,10,1203.22,0,2
17,42,70323,2013,0.417303465250836,0,44,3,402.32,1,1
18,22,48107,1829,0.5834074159215585,1,48,11,174.72,0,0
19,44,65050,2107,0.3441493699072019,3,54,3,369.86,0,1
20,64,81920,1286,0.3833651205454891,1,47,12,149.59,0,0
21,50,26760,2812,0.4304566778902555,0,39,1,962.4,1,1
22,58,101042,2804,0.4049848635789683,0,44,10,817.32,1,0
23,22,121676,2057,0.2229631507524531,2,42,1,326.79,1,1
24,41,21376,1918,0.6079769316653878,2,54,6,157.1,1,0
25,53,34994,1553,0.2364034229483058,1,44,14,138.91,1,0
26,32,75741,2117,0.4472132546990613,4,46,14,13.6,1,0
27,42,55435,1385,0.4295286961014367,1,54,1,676.74,1,1
28,64,76522,465,0.0562337686798043,2,37,5,239.41,0,1
29,45,68208,171,0.296173037463062,1,52,4,157.3,1,1
30,69,44404,1320,0.3584942677718255,1,45,5,254.79,1,0
31,47,102210,1893,0.3699726817136429,5,49,7,683.12,1,2
32,62,81612,1999,0.395213077327515,1,42,6,53.24,1,0
33,48,56006,1507,0.4636494309409963,0,45,12,779.8,1,0
34,36,107625,1885,0.3488726953593832,1,50,9,911.19,1,2
35,35,57289,1635,0.4031926352026915,0,63,6,1172.79,1,2
36,67,38953,1200,0.3432568119841425,0,54,9,202.66,1,0
37,64,74587,1767,0.1973999514867839,0,57,4,97.92,0,1
38,23,78828,2287,0.354860216205451,1,49,1,187.13,0,1
39,57,83297,1227,0.4623634766379604,0,46,1,161.93,1,1
40,27,87408,1227,0.5163182573713048,1,45,10,77.51,1,0
41,41,82903,1158,0.4305973486316305,1,60,7,373.85,0,0
42,29,81887,638,0.5501525488923948,3,51,13,258.98,1,0
43,59,55656,1511,0.412829712111347,1,49,13,803.07,1,0
44,38,52981,2228,0.4795819732503255,1,45,13,13.05,0,0
45,24,88559,1904,0.4906086723919678,1,53,3,412.98,1,1
46,45,76086,1698,0.3164974188674396,0,46,2,575.79,1,1
47,34,90506,1877,0.4589005148851502,1,50,14,569.99,1,0
48,29,27318,1506,0.2089032653538628,0,44,6,868.88,0,1
49,46,57480,631,0.4024718513823295,3,59,6,522.3,0,2
50,22,117675,2270,0.4365538740002679,1,48,13,1051.38,1,2
51,40,83813,2442,0.5076642681048995,0,46,7,161.78,0,0
52,48,77388,1363,0.4731138955971959,1,52,5,279.83,0,1
53,67,87698,1709,0.509617127500207,1,45,8,5.67,0,0
54,27,125211,1657,0.3350929504810365,5,56,7,2.79,1,1
55,64,119951,2010,0.2981910267994929,1,33,2,109.84,0,1
56,28,30511,2813,0.3087651863171575,2,46,1,42.5,0,1
57,67,39737,2495,0.3899425595672945,2,53,13,120.56,0,0
58,55,29664,1573,0.0786879476536621,1,71,14,77.94,1,0
59,34,51322,2125,0.5497635455591829,2,43,9,11.57,0,0
60,37,71372,2552,0.3565810039743462,3,50,5,960.1,0,2
61,56,76050,2045,0.287749762649732,1,55,12,3.3,1,0
62,60,31738,1797,0.0,2,39,11,532.85,0,0
63,24,23316,2067,0.3444779740732576,1,42,5,66.02,0,1
64,22,50880,1378,0.3202285227386366,1,46,12,973.21,0,2
65,26,92904,1465,0.2154430354032117,0,40,10,893.21,1,2
66,62,97259,1161,0.2490429732309481,0,50,4,424.41,1,1
67,24,112645,1984,0.3460045033332254,0,52,2,446.18,0,1
68,49,69191,1721,0.2617645310618475,1,56,5,2.14,0,1
69,38,90703,1306,0.4357817099267533,1,49,2,1676.47,0,2
70,46,95247,1701,0.2376824617033975,3,51,12,840.95,0,2
71,64,57578,2081,0.3731912644281167,3,56,7,901.92,0,2
72,54,79696,2948,0.5270068053216754,3,62,11,430.64,0,0
73,30,86467,2407,0.3445106206156172,2,56,9,169.12,1,1
74,56,47271,429,0.4033965685939618,0,49,9,896.4,0,2
75,34,111052,1943,0.3938977081100897,0,53,11,137.85,0,0
76,51,69029,2657,0.3511995349425899,3,50,6,330.86,0,1
77,68,72175,997,0.3399489287084734,1,46,1,42.02,1,1
78,35,46316,2130,0.2642938667825132,5,44,13,1020.19,0,2
79,28,50514,1658,0.3726518435836728,3,57,6,60.69,1,1
80,34,15087,2490,0.3075098736740799,1,50,5,101.9,0,1
81,43,71378,2042,0.581913525235206,1,55,4,326.7,0,1
82,60,132642,1269,0.4716714888664867,1,55,12,577.73,0,0
83,41,44534,1679,0.132080615616748,2,59,6,386.35,0,1
84,36,144404,1714,0.1404263002672883,3,49,6,105.66,0,1
85,65,105356,1726,0.3304310196440952,4,53,14,0.38,0,0
86,38,58160,2471,0.290704178384038,0,56,6,566.13,1,1
87,67,70681,1294,0.3225209122667112,1,61,2,1685.45,0,2
88,44,66622,2401,0.4476742190978469,0,47,14,664.11,0,0
89,46,112654,1618,0.3973603848316035,0,47,7,246.63,0,0
90,45,82925,1934,0.3958443845687231,1,49,14,936.39,1,2
91,65,99549,1843,0.566929199824309,0,41,4,210.95,0,0
92,61,78954,1786,0.141666266874038,1,50,13,297.72,1,0
93,49,67200,1791,0.3655908251223349,1,49,12,259.37,0,0
94,35,78160,2674,0.2631421178079118,2,41,9,237.41,0,1
95,65,59826,2305,0.5653153678759028,1,62,10,597.0,1,0
96,21,33694,1582,0.0185972591264984,4,56,2,299.27,1,1
97,45,90342,2749,0.0251777621430497,1,45,5,152.34,0,1
98,27,32470,1964,0.3956954444522076,3,49,14,119.45,1,0
99,29,63279,2014,0.518944483898622,1,55,4,15.39,1,1
100,44,59003,1297,0.4659881481975575,0,59,9,350.05,0,0
101,21,86083,1501,0.2298528810023437,1,62,4,104.53,0,1
102,64,109117,1386,0.575963258300237,2,50,8,64.13,0,0
103,28,100124,1851,0.1652796877108687,2,56,8,424.33,1,1
104,44,86810,2183,0.5461226284315017,5,59,6,457.29,0,2
105,31,54253,2020,0.1851157624462784,1,39,6,557.98,0,1
106,37,65413,2752,0.2972263741494167,1,39,11,280.13,1,0
107,28,61768,1267,0.4458904306785376,2,49,8,897.93,1,2
108,55,58242,1868,0.1300688253655752,2,71,12,1101.7,0,2
109,55,59938,1030,0.5703535096311151,1,59,13,658.8,1,0
110,53,59271,1246,0.2963084252898028,1,51,12,403.79,1,0
111,25,58164,2558,0.3705914203517433,0,51,10,144.8,1,0
112,62,93797,1522,0.5243301183561128,3,56,9,1628.52,0,2
113,59,43634,1317,0.2310311982249275,3,60,5,128.16,0,1
114,61,51763,522,0.5091220529383084,1,41,11,90.59,0,0
115,48,30414,1311,0.5960800356338555,2,42,1,233.47,1,1
116,27,105387,1676,0.2516631504005631,1,54,1,23.41,0,1
117,29,50087,985,0.5554081508894442,3,35,2,1535.78,0,2
118,28,86519,1642,0.0859132108637595,2,51,10,355.11,1,1
119,32,81882,2562,0.408440059219185,1,46,10,325.63,1,0
120,54,102970,1375,0.1657102226444287,0,53,5,426.61,0,1
121,53,64749,1233,0.4913852822804283,1,56,4,274.88,1,1
122,68,46311,1125,0.4790684072633305,2,57,1,13.04,0,1
123,43,31106,1114,0.6616069993386864,1,46,4,379.02,0,1
124,44,384,2121,0.5631924474428749,1,38,4,503.76,0,1
125,57,74033,1829,0.3251343203597817,1,49,10,215.66,1,0
126,55,89386,2374,0.1877378769051739,4,60,4,566.36,1,2
127,64,81792,3011,0.4348530619504084,2,40,1,102.99,0,1
128,60,31755,701,0.340890288442176,2,28,9,100.04,0,0
129,42,95970,2028,0.5826732566893555,3,53,14,70.42,0,0
130,47,52544,1128,0.0250428734876332,1,53,3,186.08,0,1
131,55,47327,2273,0.6782085138932941,1,50,13,750.96,1,0
132,21,51984,1636,0.4297985911417705,1,66,4,703.9,0,2
133,55,71960,1816,0.2280481817419441,0,47,5,193.04,0,1
134,57,32882,1030,0.4600983841127849,2,51,13,355.78,1,0
135,67,69074,1544,0.5446132131934556,1,53,13,510.35,0,0
136,34,80736,1853,0.3671520336955532,0,60,7,110.41,0,1
137,23,97683,2613,0.0852619423782735,0,47,6,73.64,0,1
138,21,74398,1323,0.305922944547934,2,57,5,1431.59,0,2
139,25,36509,1469,0.5059092579563207,4,45,8,384.47,0,1
140,46,73722,2366,0.4244997101341061,3,54,14,1594.18,1,2
141,34,43493,1284,0.3265239453746941,1,45,1,164.85,1,1
142,59,42051,2485,0.5462473746337153,3,50,7,485.65,1,0
143,47,35932,1794,0.4608958761248445,1,41,12,100.72,1,0
144,29,22218,1981,0.4724508733907515,2,56,6,121.09,0,1
145,35,55820,2020,0.2884047962028798,0,40,11,286.9,1,0
146,35,98222,1430,0.2738924477380852,1,59,5,154.04,1,1
147,46,126412,2033,0.0950060418975468,2,52,7,73.39,1,1
148,62,55660,1336,0.3110912366094115,2,43,3,122.0,1,1
149,33,97152,1498,0.4903088080697191,3,55,1,14.56,1,1
150,52,60135,2135,0.3193860054476619,2,44,9,487.53,1,0
151,59,28731,1976,0.4168308269793507,3,52,2,271.0,1,1
152,69,87523,1755,0.516679903497992,4,43,13,39.59,1,0
153,52,75870,1044,0.4059249487697948,4,41,10,75.35,0,0
154,24,115450,1194,0.4205772142641202,3,58,3,43.27,1,1
155,50,31633,1966,0.1463266306943668,3,48,8,379.31,0,1
156,57,139900,2239,0.3016152823847034,3,40,12,39.58,1,0
157,43,109792,1134,0.6089939759744892,1,54,10,561.43,1,0
158,59,69551,1296,0.365569577164414,1,51,9,8.29,1,0
159,65,62534,1880,0.6345107272994861,1,54,13,114.74,0,0
160,35,52104,1867,0.2415326554041579,1,55,3,885.34,0,2
161,63,72743,825,0.3850921178201809,1,44,6,507.09,1,0
162,49,65401,1896,0.2925982343672197,3,53,7,30.31,0,1
163,56,82844,1440,0.4387977027686829,0,43,1,688.43,1,1
164,33,62640,2784,0.4842513002090181,0,42,14,271.73,0,0
165,52,105374,1949,0.440369914355135,1,50,7,750.36,0,2
166,27,73126,2052,0.5062778215622044,1,54,4,367.26,0,1
167,42,63579,2068,0.3480240517216509,2,46,5,458.07,1,1
168,48,95607,1071,0.3214207448504483,2,46,8,2014.48,0,2
169,22,29436,2966,0.0862710489086042,3,42,4,105.76,0,1
170,62,78524,826,0.4457676402746847,1,44,4,391.21,1,1
171,65,70639,2277,0.3758276138360236,0,54,8,246.71,0,0
172,26,34728,2171,0.33981278936562,2,56,5,16.1,1,1
173,48,27287,1513,0.3213773891818482,1,52,13,5.83,1,0
174,48,95258,2199,0.3444680657984315,1,45,6,50.78,0,1
175,64,94069,1609,0.3145645802753124,0,55,12,418.89,1,0
176,64,74313,1394,0.2707949242155043,2,43,11,334.96,0,0
177,40,112916,2081,0.3859383321086252,0,51,14,322.46,0,0
178,50,81024,1196,0.4226238678399429,1,57,5,12.95,1,1
179,31,101245,1665,0.2344148128420728,0,46,1,253.43,0,1
180,48,80508,1443,0.2898896646218913,1,41,7,1034.1,0,2
181,45,63104,1598,0.3193067373102697,2,50,6,202.73,1,1
182,59,43561,2059,0.3507219961065177,2,50,2,392.25,1,1
183,53,54914,1443,0.3307721795621349,2,46,11,605.32,0,0
184,21,63571,1684,0.448958179948459,1,38,7,612.85,1,1
185,47,104078,1498,0.1021449476444286,6,47,6,292.99,1,1
186,33,89247,2666,0.1287444202489824,1,46,5,780.64,1,1
187,61,78257,2005,0.3790354098880366,2,59,8,198.62,1,0
188,23,91750,1932,0.2595971228258317,0,43,5,878.19,0,1
189,59,83184,2210,0.4826363458660716,2,52,11,109.89,0,0
190,26,76548,1443,0.5254701428882825,2,43,2,131.52,1,1
191,28,32533,2315,0.3850620764634365,0,41,6,21.83,0,1
192,47,98478,2007,0.1892037625588731,0,50,14,635.04,1,0
193,29,58537,863,0.5081890274340588,2,54,12,215.87,1,0
194,57,97213,943,0.379835399322549,1,43,1,104.09,0,1
195,53,99630,1456,0.1269596041209323,1,57,5,105.48,0,1
196,62,53249,1007,0.1402220527902223,2,50,14,926.67,0,2
197,64,93742,1657,0.5775420184562967,3,61,6,718.11,0,2
198,44,60975,1191,0.5526703869891844,2,49,7,322.55,1,0
199,35,61124,1741,0.0,0,58,14,382.96,1,0
200,52,76436,2647,0.1463313657113184,0,42,2,257.23,0,1
201,52,77111,1770,0.5211283243432483,1,43,1,198.81,1,1
202,44,70963,1618,0.3472261117410428,1,49,6,988.29,0,2
203,61,36642,2032,0.4552773928238139,4,50,3,53.69,0,1
204,69,66963,1382,0.3407070880852854,2,68,5,216.82,0,0
205,69,126961,2306,0.4481738735106805,3,52,12,168.98,1,0
206,32,399,2097,0.350875031999815,0,61,11,275.78,1,0
207,59,91743,1823,0.284358761486455,2,59,13,244.72,0,0
208,22,96428,1892,0.5088115744872214,0,58,2,292.66,0,1
209,23,36041,3025,0.3803081924038469,2,45,1,60.29,0,1
210,69,58264,2365,0.4478583074365349,1,46,1,287.91,0,1
211,57,44982,3119,0.373617188744115,2,52,13,111.05,1,0
212,69,116349,2119,0.277046465967528,3,59,11,81.5,1,0
213,37,97575,916,0.5912583967035788,0,51,4,26.81,0,1
214,69,98785,1642,0.4032452382136498,1,39,10,575.29,0,0
215,22,73016,779,0.2967427033441772,5,55,13,223.06,1,2
216,22,102802,2116,0.5417494205478074,1,55,2,394.09,0,1
217,48,69794,2247,0.1518764339181564,0,63,1,520.18,1,1
218,43,103978,1268,0.6854425476193979,0,54,6,454.92,1,0
219,57,66282,1406,0.3231275363504857,2,45,14,254.33,0,0
220,52,53018,1889,0.1597978688924935,3,52,4,196.34,1,1
221,53,115273,1081,0.6358912022686347,0,48,10,188.62,1,0
222,21,69478,1036,0.2805248580390813,4,72,13,408.71,1,2
223,39,47530,2543,0.3864866854783441,0,57,12,273.12,1,0
224,22,47259,1868,0.4576536112159195,1,54,7,756.54,0,2
225,64,47335,1465,0.5276258791490218,1,60,11,830.82,1,2
226,46,91111,784,0.3949661845582347,0,43,6,74.8,1,1
227,52,67528,2311,0.2529026887504944,1,50,5,58.58,1,1
228,26,127448,1389,0.3828488785000988,1,56,10,398.13,0,0
229,52,99654,2916,0.2871026682002418,2,46,12,143.37,0,0
230,24,76428,2315,0.3873517514546785,2,55,13,7.5,0,0
231,31,105097,1315,0.5942224318635287,3,46,12,878.0,1,2
232,37,57612,1370,0.463388778746569,0,63,12,102.94,0,0
233,58,23630,2833,0.3809969657147508,2,55,12,1059.61,0,2
234,44,45260,1749,0.460773624890951,3,58,2,505.54,0,1
235,25,73680,1492,0.4715120977863778,1,45,5,575.29,1,1
236,54,64436,1816,0.1883188845546911,0,58,9,89.99,0,0
237,26,90610,1489,0.3562584066823546,1,49,9,106.73,0,1
238,42,66884,1944,0.7343791488998774,1,31,2,294.65,0,1
239,31,88700,1754,0.5319231477547799,1,45,7,75.55,1,1
240,68,107524,2325,0.27448466612582,1,56,10,145.79,1,0
241,36,66807,1566,0.2595188155823567,3,49,14,155.13,0,0
242,53,83878,1269,0.2545211415236596,1,64,4,69.57,0,1
243,29,26130,1590,0.4799479925393085,1,39,13,91.86,0,0
244,26,66902,1586,0.5911461381674326,2,50,13,621.51,1,2
245,36,39201,1753,0.4373250566720087,2,51,3,73.18,1,1
246,49,73630,2180,0.3735743524803226,2,54,11,11.55,0,0
247,23,75899,2147,0.2833766963550842,2,44,1,397.0,1,1
248,40,75816,2519,0.399405971837529,2,57,3,1491.6,0,2
249,56,57996,1313,0.2269817419855685,2,53,11,160.92,1,0
250,39,127461,2033,0.0596351679183141,2,45,9,50.52,0,1
251,46,38299,2236,0.5955238535168673,3,47,14,337.95,1,0
252,23,36771,1395,0.1991280994456835,1,45,9,947.29,0,2
253,39,111374,1675,0.3012751439496021,3,52,7,613.11,1,2
254,40,52393,750,0.4484536175943936,0,46,3,389.69,0,1
255,52,46382,2344,0.565170030401908,1,50,13,151.37,0,0
256,27,127572,1670,0.3885695978627931,0,55,3,312.25,0,1
257,61,94643,2283,0.1709433518508757,1,55,4,38.27,0,1
258,53,55138,1923,0.3047980325462673,0,54,7,454.46,1,0
259,60,75437,1688,0.248227189246238,1,47,7,516.53,0,0
260,59,118646,844,0.3442683458793018,0,58,12,1341.32,1,2
261,38,87290,951,0.5347976706904454,1,49,12,120.66,1,0
262,60,102153,244,0.0,1,57,14,7.45,0,0
263,21,90120,1462,0.2882915254958764,5,44,2,315.52,0,1
264,31,93256,3166,0.2773925545419472,0,46,12,490.75,0,0
265,48,70993,1027,0.161485798265654,2,56,5,625.04,0,2
266,45,70283,221,0.4378236115624424,0,58,7,86.14,1,0
267,43,76676,2377,0.1377536192185927,2,52,7,121.39,1,1
268,51,88361,3218,0.1550158581055512,1,60,6,287.46,1,1
269,50,62917,1978,0.477660382103092,1,49,10,160.55,1,0
270,62,73051,1973,0.5750857053444003,2,53,10,787.91,0,2
271,55,62241,1614,0.3385854847082061,2,43,12,256.8,1,0
272,27,72892,723,0.1673905821516101,1,39,8,642.93,0,1
273,36,38725,929,0.2441668862332625,1,47,3,347.59,0,1
274,46,135149,1609,0.5012002920867568,4,47,1,593.28,1,1
275,68,51676,1494,0.367465736099509,2,48,3,161.79,1,1
276,69,60963,1730,0.3348441834677115,4,52,11,712.13,1,2
277,22,49518,2297,0.3969574564869719,1,50,2,128.4,1,1
278,21,85392,1450,0.3443510084711839,1,62,2,315.95,1,1
279,68,65099,2309,0.5818568446488825,0,41,14,96.32,1,0
280,32,45904,1454,0.2376285102959598,1,33,14,258.14,0,0
281,25,86422,2422,0.2204061324747179,2,43,2,153.19,0,1
282,57,89791,1851,0.1424819722897015,1,53,5,124.08,0,1
283,52,68328,1538,0.2690018546411464,1,50,13,1364.32,1,2
284,29,53409,1841,0.1862036788000768,1,56,1,69.78,0,1
285,61,124776,1623,0.3827113262979085,2,60,10,619.2,0,0
286,55,78501,1867,0.3531421048287715,3,57,4,1658.21,0,2
287,39,38148,2254,0.1881386749898035,1,43,14,8.04,0,0
288,68,105351,1747,0.4383709038541958,1,55,10,480.29,0,0
289,36,48605,1578,0.577521930069481,0,58,5,116.63,0,1
290,23,138546,1125,0.4036757523006535,2,58,2,16.53,1,1
291,40,71991,2147,0.0,1,46,5,206.26,1,1
292,44,95332,2008,0.6480696456005157,1,58,10,1094.69,1,2
293,53,17999,1090,0.4620385203606589,3,56,4,4.73,0,1
294,44,37896,2301,0.6434627379782676,1,63,8,354.58,1,0
295,31,103346,1081,0.5136085379224751,2,45,1,278.38,1,1
296,69,77945,2417,0.5435773128305839,1,63,12,826.64,0,0
297,28,121059,2212,0.3807900340401626,1,52,5,35.1,1,1
298,56,82129,2051,0.3106555981715251,1,55,14,457.69,0,0
299,58,73632,1573,0.406022178159824,1,45,14,455.91,1,0
300,60,112839,2145,0.243682237963019,4,52,11,442.35,0,0
301,40,95253,2445,0.4150821276350348,2,51,12,1141.24,0,2
302,55,65093,2155,0.0,1,52,10,692.84,1,2
303,68,42647,1397,0.3564398367821619,2,49,1,17.15,0,1
304,45,10709,1960,0.5517014180153199,3,61,10,254.77,1,0
305,55,59058,2479,0.3641462868393448,2,55,10,202.97,0,0
306,45,40341,3119,0.6091224107046481,1,54,4,148.51,1,1
307,49,134942,1676,0.3104381918227092,3,47,8,240.11,1,1
308,38,53740,2314,0.5003976369481742,3,50,1,193.93,0,1
309,66,53057,2480,0.218259488948995,2,39,11,226.49,1,0
310,38,31968,1312,0.4942934929333067,0,49,2,1550.31,1,2
311,22,63342,2869,0.3848892362341724,2,52,1,37.12,1,1
312,55,53386,1160,0.3170374256235906,0,41,11,1021.6,0,2
313,36,113443,2285,0.0,0,41,7,261.75,0,1
314,61,74211,1983,0.3118434836291675,2,35,2,390.99,1,1
315,56,69778,1833,0.3820179528919715,3,42,1,709.21,1,1
316,53,66633,3328,0.4743064152829875,0,51,12,178.8,0,0
317,24,89654,1619,0.5841424698648601,3,35,6,225.14,0,1
318,53,58691,1609,0.6552549052048866,0,54,6,210.73,1,0
319,34,86680,2598,0.5369401014684476,0,57,10,187.83,0,0
320,41,110349,2257,0.2656864512043708,2,68,2,1038.94,0,2
321,68,81501,2569,0.3042793865723391,1,47,1,706.27,1,1
322,40,63756,1870,0.4608373206565525,0,51,14,46.16,0,0
323,28,46163,1990,0.4279421689771702,1,55,10,45.77,0,0
324,27,63121,2940,0.5942518939087043,2,42,3,223.36,0,1
325,23,84076,1298,0.7219084128064868,0,41,10,41.55,1,0
326,37,31686,1738,0.6900770292647334,3,49,14,386.08,0,0
327,53,90788,2278,0.5740907299697517,0,41,5,62.05,1,0
328,68,75190,1682,0.4291853973414345,0,50,6,295.57,0,0
329,32,66270,1457,0.5523987594418767,0,52,3,2.9,0,1
330,42,53514,2171,0.5992161520592594,2,51,9,152.27,1,0
331,42,58090,2601,0.3279049404117472,1,58,11,452.28,1,0
332,66,84932,1715,0.270100854123686,0,47,5,264.69,1,0
333,50,66794,1698,0.2348868499892487,4,59,13,1531.62,1,2
334,58,57471,1411,0.2185422899832045,3,62,2,828.92,0,2
335,58,81714,1622,0.1427007016110213,1,55,10,177.93,1,0
336,65,82704,2450,0.387485256367659,1,55,6,18.62,1,0
337,28,38770,1848,0.2000370798367802,2,63,12,747.35,1,2
338,47,84287,1317,0.2324716723796926,1,45,8,968.7,0,2
339,47,132542,1957,0.455188333876509,5,45,11,687.32,0,2
340,54,81740,2430,0.3772413599380264,2,48,6,54.76,1,1
341,41,27524,1462,0.4144437410950511,0,50,4,2469.22,1,2
342,50,74434,1002,0.5547723142838121,0,48,6,119.68,1,0
343,53,24229,3114,0.4796794862811192,0,67,8,515.24,1,0
344,48,149184,972,0.5778329872178994,3,63,8,954.54,0,2
345,67,125891,1584,0.3619964742167105,1,54,13,107.51,1,0
346,53,53351,1939,0.5917685886968593,4,45,10,955.51,0,2
347,25,13858,1636,0.4039605146536189,3,49,2,148.13,1,1
348,68,48040,1755,0.3753059391642804,3,46,8,1498.83,1,2
349,39,65475,2146,0.5692289309414755,2,50,6,132.1,0,1
350,24,25953,364,0.2191769481210057,1,44,2,1226.77,1,2
351,55,68274,1039,0.6535400851313713,0,52,1,22.01,1,1
352,69,65310,1826,0.3076849969944071,0,49,6,494.15,1,0
353,37,73128,1557,0.1672838042676017,0,52,13,303.81,1,0
354,64,75741,1877,0.4480252928083793,1,53,7,259.94,0,0
355,48,45859,1936,0.2934017734822609,1,51,14,101.18,1,0
356,50,48664,530,0.6538710637866876,1,51,14,489.12,1,0
357,49,71139,2564,0.2850648771822279,1,63,10,84.69,0,0
358,66,54225,1501,0.3971673376027942,2,49,5,321.94,1,0
359,26,92687,1280,0.1361610026782845,1,48,14,116.81,0,0
360,55,70897,1925,0.4719371367346207,1,57,10,1246.0,1,2
361,61,116625,1864,0.2333914886211643,1,51,8,11.62,1,0
362,57,90512,2518,0.4539987035498901,2,58,11,89.12,1,0
363,44,97592,1963,0.2857482140441207,0,48,13,110.99,0,0
364,49,73314,2494,0.04295979699158,1,55,12,213.82,0,0
365,69,73934,1237,0.3696785135515825,0,54,9,105.97,1,0
366,66,113283,1885,0.3629642775617652,0,44,4,270.4,0,1
367,51,60542,1131,0.4821607360433919,0,40,7,823.75,1,2
368,55,83669,1858,0.5834000857758805,2,44,8,498.01,0,0
369,53,63344,1731,0.6368614114875197,3,50,13,346.96,1,0
370,41,63284,1705,0.4796231320206329,3,51,6,37.29,0,1
371,52,40777,1710,0.3917928788098877,0,53,2,473.66,1,1
372,43,51437,2241,0.1358999615726802,1,48,7,72.81,0,1
373,53,46793,835,0.380303140548501,1,48,13,617.4,0,0
374,23,84859,1260,0.3822410254908399,2,43,9,115.1,0,1
375,38,96005,1775,0.3202039610515957,2,52,5,215.86,0,1
376,45,67631,1092,0.4449451475901212,1,55,2,172.6,1,1
377,62,75740,1827,0.5182858566473201,0,52,4,783.07,1,0
378,51,66188,1769,0.2272394104206974,1,44,3,54.12,0,1
379,23,49730,957,0.2249023468700799,1,48,4,333.56,1,1
380,60,91556,928,0.3291061982335056,1,39,10,61.29,0,0
381,66,86313,225,0.2577156213938115,1,51,7,488.04,1,0
382,44,22686,1067,0.1038120196460205,2,55,10,941.88,0,2
383,52,62922,1808,0.2005110895515572,3,65,8,228.09,1,0
384,67,47949,1893,0.1651518279443838,2,51,1,267.84,1,1
385,42,60226,1921,0.5312675762027229,0,45,13,1049.24,0,2
386,43,53239,1333,0.6054240509013917,2,54,8,294.41,0,0
387,22,68839,1789,0.1856849814058119,0,48,5,267.46,0,1
388,47,61752,2038,0.4319110269705666,2,48,12,345.41,0,0
389,62,61221,1039,0.4810274636704625,2,56,7,467.48,0,0
390,22,97684,1873,0.1261596820010204,1,49,11,45.22,1,1
391,46,83929,2193,0.3741468420768499,2,46,11,688.39,0,0
392,37,52402,1505,0.7300274248019789,0,57,1,228.73,1,1
393,60,56111,2437,0.4515720299536446,1,57,2,30.04,0,1
394,53,82294,1519,0.3132049188001204,1,55,1,617.05,1,1
395,29,82260,1283,0.2659720212172686,0,54,5,189.25,1,1
396,63,54905,2134,0.0466307622918658,1,56,14,42.31,0,0
397,68,64150,3019,0.4205710484175098,2,49,14,401.81,0,0
398,59,116170,1851,0.6421725180881472,1,40,6,848.54,1,0
399,49,55336,2180,0.2279684368403118,3,73,10,874.82,1,2
400,62,117770,1494,0.0596622980724407,1,46,9,1264.84,0,2
401,46,97591,1055,0.2503663727970163,1,53,8,809.09,1,2
402,55,113135,1899,0.4822399618967312,1,53,7,0.86,1,0
403,45,54273,1994,0.2857249992766871,1,39,12,191.37,1,0
404,44,65786,1585,0.2269297860630367,1,40,5,682.69,1,1
405,33,58770,2178,0.3528732372586788,1,34,14,182.44,1,0
406,27,98168,1407,0.3844551120751782,2,53,3,368.07,1,1
407,56,55807,1258,0.1417414788842458,0,57,9,372.88,0,0
408,65,88280,2436,0.3174074454594764,2,47,13,181.67,0,0
409,40,86957,2439,0.2754098579116492,5,38,5,939.34,0,2
410,21,68799,1419,0.2538643476127876,0,56,3,279.85,0,1
411,28,102466,2831,0.1974444995912828,2,56,3,250.03,1,1
412,66,72691,1627,0.4911886782192196,1,61,3,2398.79,0,2
413,36,90852,1850,0.2533419606802958,1,52,14,272.09,1,0
414,34,57632,1749,0.0507582071280072,1,44,6,78.6,1,1
415,32,51914,2114,0.3896446732963149,1,45,1,287.85,0,1
416,43,88278,1962,0.4587799209009776,2,47,11,672.84,0,0
417,35,80771,1954,0.2305975902176183,0,57,4,599.98,1,1
418,48,76082,1188,0.266050596532405,1,56,13,621.57,0,0
419,54,61407,786,0.2526419419357441,1,46,8,492.43,0,0
420,22,108730,2485,0.2980019957854834,1,46,3,117.33,1,1
421,52,42085,1472,0.5160275273284732,2,46,5,792.44,1,2
422,43,40716,1770,0.3328911241441465,1,41,2,895.63,1,1
423,42,93554,1996,0.4759390318500808,1,62,2,86.34,1,1
424,45,91502,2777,0.204675255267987,2,51,11,55.91,1,0
425,42,78844,1896,0.2924464370628523,1,53,13,1485.35,1,2
426,42,62801,1563,0.4931020723770959,2,45,7,810.96,0,2
427,69,82560,1485,0.229159190236061,1,55,10,894.85,0,2
428,62,113020,1777,0.5018204691362795,1,39,3,869.95,0,1
429,26,132888,1254,0.2557423863507292,2,39,5,312.08,1,1
430,35,28589,1817,0.301750622741237,1,58,3,415.84,1,1
431,63,59526,1768,0.6005243881023388,1,50,6,315.3,0,0
432,57,57955,2784,0.2846271534250653,0,46,13,21.03,0,0
433,53,110662,1749,0.3718018704125952,2,45,10,547.39,0,0
434,28,7967,645,0.4424654633782604,1,43,3,281.55,1,1
435,64,82845,3404,0.3839762974508016,2,46,8,417.32,0,0
436,64,63579,2374,0.3882580023334364,2,49,2,279.38,0,1
437,25,110952,3049,0.3415190384027398,1,43,3,270.76,0,1
438,59,107525,1105,0.1546641186475515,2,56,8,75.39,1,0
439,24,79137,1666,0.4022433995149637,3,36,8,130.69,0,1
440,26,30506,2204,0.2401297314482518,4,47,1,69.2,0,1
441,65,55652,2121,0.4663650826104765,1,59,8,87.1,1,0
442,52,58390,1984,0.5558092135924528,4,56,10,1444.43,1,2
443,50,36838,480,0.0791664107874476,0,57,2,66.48,1,1
444,67,98864,772,0.5560711741140656,1,35,12,125.48,1,0
445,55,33664,2710,0.2883413312199435,0,64,7,357.21,1,0
446,60,119133,2817,0.330357616672329,0,39,6,376.83,0,0
447,36,119070,1736,0.2131418821231415,3,57,2,66.88,0,1
448,33,60373,2634,0.3782701593599415,1,49,5,631.4,1,1
449,62,78212,1186,0.3600222324766108,2,49,7,615.22,1,2
450,50,68192,1323,0.5115384237939276,0,54,8,108.37,1,0
451,39,92545,1138,0.2387910085054614,0,53,3,136.25,1,1
452,37,101866,1290,0.5991203602906863,3,47,1,1112.17,0,2
453,39,76449,2233,0.4497071129463334,2,53,13,698.73,0,2
454,48,81727,1282,0.3636453465163113,2,59,7,478.66,1,2
455,46,54484,3143,0.3228823454156763,6,49,13,34.32,1,0
456,57,80917,2076,0.3040145829299224,0,64,5,216.7,1,0
457,46,74069,2450,0.3137984338390243,2,57,5,327.76,1,1
458,43,47205,2093,0.375260293540321,0,44,7,83.01,0,1
459,29,69649,2528,0.3186500058959401,0,55,1,237.85,1,1
460,32,60420,1279,0.2539205815238768,5,46,8,367.54,1,1
461,21,54762,2668,0.3761688942255053,2,51,12,158.63,0,0
462,21,41337,1884,0.2245567821911918,2,51,14,607.37,1,2
463,67,71562,2525,0.398370035150262,2,66,10,734.16,0,2
464,54,50488,936,0.3165399446778887,1,56,5,156.39,1,1
465,52,58222,1908,0.4545096363847765,3,60,8,729.69,1,2
466,68,96878,1887,0.4983611316043215,2,51,10,43.74,0,0
467,45,85802,1428,0.4983020840517108,3,58,10,727.4,1,2
468,60,45530,1987,0.3977157584078938,2,44,5,66.3,0,1
469,65,78797,2723,0.4152246831150267,0,44,12,34.63,0,0
470,21,73319,1382,0.3015873460822347,1,41,7,410.64,0,1
471,36,112542,2377,0.4516459532725021,0,62,10,255.42,1,0
472,59,104578,1123,0.4685752040992584,2,55,3,953.91,1,2
473,25,31656,3065,0.1149006269713208,3,44,2,180.51,0,1
474,42,91528,2270,0.4067520793410895,5,56,6,135.39,1,1
475,49,101629,2835,0.5552194711563301,1,69,5,277.85,1,0
476,23,83983,2203,0.2965564558092823,2,43,9,243.48,1,1
477,32,61614,2034,0.263817953579918,1,54,10,168.9,0,0
478,46,130334,2275,0.287020480837052,1,56,4,473.33,0,1
479,36,86285,1718,0.1242686010756309,2,50,11,570.12,1,2
480,57,119413,829,0.3688975931673365,3,55,3,766.89,0,2
481,42,103786,2068,0.3544948160145877,2,58,9,1442.65,1,2
482,49,81603,1346,0.3795540249315951,1,40,8,124.06,1,0
483,34,55507,1139,0.4123964931826702,1,58,6,503.64,1,1
484,48,69397,2181,0.2303009896727785,2,50,1,200.52,0,1
485,25,64452,1632,0.3909798798533065,1,51,14,452.14,0,0
486,67,39637,2416,0.4164797989873594,1,57,10,258.49,1,0
487,69,86257,1326,0.2767412403774452,2,46,13,2031.55,0,2
488,50,109183,1517,0.4130176997377959,0,54,12,522.11,1,0
489,66,62542,2490,0.3621059939580112,1,59,11,1218.74,0,2
490,25,124091,1967,0.2553215345834929,2,48,1,720.65,0,1
491,32,31060,913,0.3924183044725514,4,51,12,932.81,0,2
492,36,96359,1954,0.3063933884970171,0,40,6,673.71,1,1
493,46,111788,2688,0.454559791102158,2,56,13,245.85,1,0
494,46,64899,1512,0.3141250429896443,2,44,3,116.03,1,1
495,68,65348,2158,0.1565351627352409,1,39,3,185.02,0,1
496,41,96069,1290,0.3900480478291476,1,50,6,8.18,1,1
497,59,82649,1717,0.3844104871747151,1,40,13,296.93,1,0
498,56,20064,2453,0.1878294330803507,2,51,3,281.33,1,1
499,53,48915,1931,0.4625804173152958,2,50,13,297.99,1,0
500,50,69661,2573,0.4547331254203218,2,64,11,1460.34,0,2
501,57,35757,2055,0.2195029711287637,2,52,10,969.69,0,2
502,43,58145,3131,0.2510560548410132,1,43,6,70.56,1,1
503,30,36382,861,0.328698858045571,3,53,5,184.11,0,1
504,25,60745,1669,0.2361721803443543,1,41,4,220.63,0,1
505,56,61584,1149,0.4460595777367516,0,59,8,178.85,0,0
506,54,78793,1190,0.3723457923990814,1,50,2,640.78,0,1
507,51,67706,1195,0.1859664281167646,0,46,12,296.97,0,0
508,30,82569,1900,0.2266293630726064,0,54,14,339.55,1,0
509,39,79588,1935,0.5281578765749602,0,44,11,766.97,0,0
510,52,95783,2056,0.5803343566873123,0,56,7,655.81,1,0
511,21,91844,1126,0.4308093464078762,0,54,4,56.72,1,1
512,25,89203,1605,0.3183087117274529,1,54,2,500.59,1,1
513,65,147621,1221,0.2840055631390135,0,63,7,228.68,0,0
514,24,78685,2361,0.4324549127466507,1,48,13,139.62,0,0
515,36,134839,1277,0.361388080138923,0,49,1,20.53,0,1
516,44,80305,1671,0.1084892828878434,0,49,4,267.19,0,1
517,36,67928,2136,0.5047801973802245,2,55,9,175.67,1,0
518,22,60670,1430,0.5518704901044303,0,39,14,115.88,1,0
519,69,107743,2216,0.4605878799414796,2,63,4,474.55,1,0
520,48,111012,2757,0.1862583208057687,3,42,12,586.98,0,0
521,52,84994,1913,0.254476032541499,0,47,13,112.3,1,0
522,47,98338,2340,0.0713420207963432,0,56,3,20.28,1,1
523,40,38069,555,0.5894072737093333,1,50,10,755.54,1,2
524,44,31280,1542,0.2964892155111457,3,40,10,4.0,0,0
525,32,101158,1910,0.6999933982474673,3,39,2,1106.56,1,2
526,55,66829,1168,0.6432845046361667,0,53,14,395.14,1,0
527,53,88732,1924,0.2144860375446584,0,49,3,155.35,0,1
528,53,52067,2435,0.2437598390895479,1,47,1,113.2,1,1
529,63,111424,672,0.4199285513520679,2,55,10,3.62,0,0
530,57,31489,1086,0.0868186844200594,1,39,8,107.4,1,1
531,32,35360,1910,0.2842611323932157,4,41,1,59.27,0,1
532,23,106107,2076,0.2692761498189907,0,43,3,378.87,0,1
533,21,4753,2242,0.6276748912920063,2,49,14,72.87,0,0
534,53,79464,1866,0.3741526828256683,0,52,3,300.84,1,1
535,60,67316,2076,0.3072849533694206,1,50,13,356.75,1,0
536,30,51601,2342,0.2552772900972048,2,50,2,141.55,0,1
537,63,65001,1551,0.484107439598719,0,60,14,14.28,0,0
538,64,48811,1434,0.2754933764104387,3,42,5,15.19,0,1
539,49,108556,1698,0.342457553845625,0,41,10,10.68,0,0
540,33,115112,1919,0.2541314716292053,2,42,3,537.49,0,1
541,32,52856,1405,0.1223694301976908,1,57,3,153.1,0,1
542,51,76888,1563,0.2005947308446004,1,41,8,636.44,0,1
543,66,36873,2038,0.2747042438952959,1,49,4,226.07,0,1
544,22,96826,1894,0.3105117754604556,3,56,4,241.32,0,1
545,55,96175,1688,0.3170864111114739,0,50,3,287.7,0,1
546,43,62618,755,0.3366620449221856,0,54,11,499.35,0,0
547,37,70422,1797,0.2766968554773486,0,50,1,127.81,0,1
548,46,67655,1217,0.5523689522252608,3,40,8,51.86,1,0
549,28,29538,2389,0.4921976179785473,1,56,1,324.82,0,1
550,49,108650,1614,0.3297336099213742,0,53,7,158.39,1,0
551,46,50826,1202,0.3881387419611494,2,47,5,233.71,1,1
552,30,50996,1763,0.2941867637820567,2,42,4,416.45,1,1
553,46,66239,2562,0.0,1,39,4,272.59,0,1
554,54,94888,2178,0.3530739519389037,0,47,8,387.33,1,0
555,61,55217,1931,0.3958421541876823,2,55,11,314.28,0,0
556,27,21195,1004,0.1081007362939658,3,54,11,538.52,1,2
557,24,47825,2772,0.4249116603791903,2,51,13,489.58,0,0
558,65,80603,1427,0.3079134983082786,1,40,14,305.59,0,0
559,31,124743,2360,0.4006900580951993,1,48,6,454.4,1,1
560,49,38502,1604,0.3124402028944871,1,51,14,827.19,1,2
561,56,37587,2302,0.5376431711340273,0,45,12,226.44,0,0
562,45,32185,2584,0.383934323087613,3,46,1,212.93,1,1
563,41,29081,2188,0.500362468800801,2,52,14,577.99,0,0
564,56,100142,2253,0.5127089213262417,0,40,10,349.44,0,0
565,30,107367,1740,0.1820666410867384,3,59,8,29.46,0,1
566,57,74443,1539,0.2391474694968278,1,49,13,890.66,1,2
567,29,58307,1882,0.4177416024089384,2,58,14,12.51,0,0
568,44,114778,1596,0.2951694074362741,3,47,2,551.96,0,1
569,55,74347,3280,0.3142089846115556,0,49,6,568.84,0,0
570,69,97235,1204,0.5429847233255914,1,47,9,1223.99,0,2
571,55,57088,2401,0.3034450432711895,0,53,1,22.26,1,1
572,68,71106,2110,0.2046605977627126,3,59,6,363.39,1,0
573,56,39066,1937,0.2249299997546608,1,36,8,223.34,1,0
574,38,85731,2687,0.6773534751789052,1,54,10,160.57,1,0
575,69,74773,1979,0.3232670779422144,3,51,13,37.86,0,0
576,59,47635,1419,0.1453628367173134,0,45,2,330.81,0,1
577,52,47972,1975,0.0845812107025108,3,50,5,260.83,0,1
578,44,110398,1690,0.2563045035988829,3,47,6,44.17,0,1
579,43,119291,2101,0.3205216820858925,0,52,5,379.2,0,1
580,52,64671,2287,0.4923760559641508,1,58,3,535.69,0,1
581,57,71693,1284,0.477851774969265,2,54,4,583.16,1,2
582,32,80002,2517,0.3490480368390747,3,45,7,943.13,0,2
583,69,73700,1647,0.2818747120760616,2,42,4,210.69,0,1
584,33,28142,2066,0.4009402780132535,1,52,9,1223.66,0,2
585,43,80696,2170,0.0876880885795418,4,45,11,802.27,1,2
586,45,17802,2020,0.6471621340893826,1,47,12,140.68,0,0
587,55,51682,1734,0.4481158393784916,2,58,14,69.4,0,0
588,61,82635,1506,0.4800485329592408,2,47,13,228.65,0,0
589,50,84999,1638,0.1888769927185083,3,58,13,205.6,1,0
590,37,49748,2739,0.5423972961944894,1,36,10,342.94,0,0
591,69,58539,1280,0.2809974258460557,1,50,2,350.24,0,1
592,40,55154,1368,0.2071162815772154,1,60,5,554.5,1,1
593,68,67428,1342,0.344124144409067,1,42,8,285.25,0,0
594,45,69330,1881,0.3406167371017439,5,47,14,44.29,1,0
595,42,86711,885,0.1882194391232004,0,53,5,781.59,0,2
596,33,57077,987,0.2157593969687952,2,48,10,148.29,1,1
597,39,79334,1643,0.2040152337007924,1,45,12,1420.31,0,2
598,69,82675,1027,0.2054427398214763,3,33,8,50.16,0,0
599,56,74957,1076,0.2917853139350599,3,50,8,1270.43,1,2
600,32,63509,1031,0.1416522295741313,0,43,9,38.17,0,1
601,61,74516,1292,0.2462938253879096,3,55,10,105.08,0,0
602,39,88793,2238,0.5067701822576404,0,37,6,19.08,1,1
603,32,90979,2373,0.4734964178156275,1,35,12,488.47,0,0
604,29,115384,2951,0.1925181138660867,1,45,4,759.65,1,1
605,27,45249,2929,0.493730737594135,0,46,12,227.71,0,0
606,48,58999,2271,0.0550341096295926,2,45,11,1055.35,1,2
607,34,29663,2416,0.714371648301823,0,53,3,356.93,0,1
608,51,93275,1878,0.5450469788203388,1,55,12,397.71,0,0
609,39,61637,2111,0.2660402131789839,2,58,14,746.82,1,2
610,67,75154,2966,0.4073639842602665,1,55,5,140.85,0,0
611,36,54891,2022,0.1398621007836306,1,56,6,174.95,1,1
612,25,61832,2491,0.359066418488872,2,39,3,945.58,1,1
613,55,100579,1239,0.3224505451246299,3,39,2,924.91,1,2
614,32,87355,1400,0.2247854915911406,1,35,7,1500.01,0,2
615,45,67211,1987,0.2797163770511211,0,61,11,928.46,0,2
616,41,89195,1889,0.2649518786285859,1,54,5,54.5,0,1
617,56,89747,1428,0.1802394921023546,5,56,9,694.28,1,2
618,43,60214,3244,0.2212779131155005,1,48,3,210.94,1,1
619,36,33273,1903,0.1337233361000431,2,40,14,1875.48,1,2
620,59,47520,1534,0.4785996148340926,1,46,8,255.68,0,0
621,65,36486,1890,0.2101830880315596,1,41,6,322.83,1,1
622,62,99110,1815,0.1666968692644768,3,38,4,301.82,0,1
623,59,103452,1912,0.4762257019723995,0,59,12,155.29,0,0
624,34,109659,843,0.4054430531508995,0,46,12,31.19,0,0
625,51,19511,2575,0.4706751583923438,2,41,9,904.01,0,2
626,25,96785,2609,0.4874124836294981,3,59,5,649.16,0,2
627,55,125304,2682,0.6406182345407636,1,52,10,60.11,0,0
628,43,97799,1995,0.3265940349960223,1,53,6,599.82,0,1
629,49,16219,2197,0.1313588481506738,3,56,14,393.24,0,0
630,63,114207,1280,0.3906556701143188,1,47,13,210.47,1,0
631,31,71042,2299,0.2496493065680273,0,62,9,117.22,0,0
632,38,64190,1951,0.2063742075026688,4,49,7,785.67,0,2
633,67,81277,1523,0.3649887758325861,1,34,12,481.84,1,0
634,32,43774,2318,0.4798629099514384,3,48,5,317.4,1,1
635,29,70069,2342,0.2246007737605574,0,45,2,376.2,1,1
636,30,110510,1836,0.5411582130997578,1,42,4,38.19,1,1
637,64,85559,2063,0.2015579061495776,0,57,2,256.92,0,1
638,37,71460,1180,0.3134145168011805,3,40,3,86.12,1,1
639,58,72240,2545,0.4079461822671302,0,54,10,93.47,1,0
640,27,40465,1260,0.2918151186973912,1,48,12,433.06,1,0
641,66,66250,1376,0.0835996491592194,1,71,3,968.8,1,2
642,33,29142,1837,0.4891111237683208,2,48,4,206.84,0,1
643,60,95561,2468,0.2564803489465959,2,52,6,93.15,1,1
644,62,15357,2468,0.4617347674090539,3,42,12,418.5,1,0
645,29,91372,1797,0.1603783797458506,4,53,3,819.76,1,2
646,47,94485,2263,0.1859845126855382,2,41,10,551.84,1,0
647,22,102969,786,0.4793650114333035,1,52,14,812.28,0,2
648,25,72171,1368,0.4010762139113035,1,57,1,307.63,1,1
649,49,92915,1380,0.2842121433972985,2,58,1,557.53,1,1
650,57,66006,2551,0.4032547397256256,0,47,9,60.36,1,0
651,58,40332,2192,0.2068941296683462,1,51,9,171.25,0,0
652,39,108268,1910,0.3665388676233364,1,45,5,197.42,1,1
653,28,67577,1969,0.3692830885085097,0,53,9,286.4,1,0
654,68,34762,2741,0.2939327592213456,1,57,11,1058.46,0,2
655,65,58329,1697,0.2247071441613862,1,38,7,829.53,1,2
656,21,59316,1011,0.360537286732219,1,46,9,57.79,0,1
657,42,81542,2452,0.3417528285048652,1,66,12,75.88,0,0
658,37,128676,1909,0.2801266881620586,4,42,7,177.04,1,1
659,27,83060,2372,0.1949278294728874,2,45,9,137.42,1,1
660,45,75171,1773,0.3518715574003201,2,53,2,381.57,0,1
661,65,131394,1296,0.2805016452745091,1,44,11,932.3,0,2
662,24,94472,2041,0.19480135693446,1,46,11,1311.15,1,2
663,56,76356,1806,0.3565294716137167,0,41,8,424.07,0,0
664,26,58014,1910,0.5912458208083079,0,57,7,728.46,0,2
665,51,77905,2769,0.2949758501139383,2,46,6,297.95,1,1
666,39,68340,1140,0.5746664811863034,0,55,5,93.44,0,1
667,64,72285,1971,0.6671497572095143,0,53,4,297.51,0,0
668,59,102860,1308,0.2069871646433487,2,63,7,323.95,0,0
669,47,56491,245,0.3513566312298446,0,47,3,542.63,0,1
670,30,82838,1770,0.6655597876724464,2,60,8,99.32,0,0
671,46,93723,1818,0.3318380057886433,0,53,2,183.74,0,1
672,39,53447,2174,0.3555218218648099,3,50,1,181.04,1,1
673,59,49434,1669,0.0994991788437662,1,47,11,1281.99,0,2
674,23,66241,906,0.2702507149520498,2,48,2,234.76,1,1
675,65,58459,1306,0.4333383027003405,1,61,9,562.75,1,0
676,33,98808,2590,0.7143923964426875,1,50,5,555.82,1,1
677,48,44955,1298,0.3205989749792464,2,53,11,123.45,1,0
678,40,71711,2749,0.1006060516622967,2,57,8,339.33,1,1
679,48,133651,2429,0.1392126213840036,2,45,3,898.87,1,1
680,28,80326,1609,0.3446315471092555,1,49,7,257.89,1,1
681,61,84482,1362,0.5265810197078373,0,60,2,1161.02,1,2
682,59,99017,2428,0.4456030524313092,2,51,8,96.55,0,0
683,21,58426,1655,0.4190383795265189,1,50,14,30.82,1,0
684,23,42964,872,0.5463716580376394,3,47,7,888.23,1,2
685,33,74412,2137,0.2419656368721572,5,48,12,752.71,1,2
686,48,76635,2050,0.3528642079936347,2,51,5,1961.96,0,2
687,69,29544,2482,0.2719426819696406,1,46,12,455.02,1,0
688,45,79376,2009,0.3092816396821889,2,52,11,1103.87,0,2
689,53,96746,1470,0.1990595968511772,1,53,4,701.67,1,1
690,58,47176,2561,0.2984035892849306,1,68,1,744.25,1,2
691,26,80888,2620,0.3458426650631901,1,40,5,336.79,0,1
692,64,92306,1939,0.2942792750207674,2,49,12,192.74,1,0
693,65,84666,1836,0.3258407745479297,2,48,9,1090.64,0,2
694,52,87025,1006,0.4107560815155779,0,53,10,226.34,0,0
695,65,63879,1435,0.5358043653596598,1,36,4,309.59,1,1
696,67,41812,2256,0.5466733802168897,0,50,13,236.32,1,0
697,41,58821,1465,0.4642132651095488,1,30,9,332.8,0,0
698,36,55348,925,0.1610027782342526,1,50,12,254.33,0,0
699,41,67993,3897,0.2959385021645219,0,41,2,19.66,1,1
700,31,97331,921,0.3088572453931097,0,48,4,854.99,1,1
701,57,37203,3154,0.2514275253817153,1,48,9,235.08,1,0
702,56,73606,1615,0.401352676854441,1,46,4,355.61,0,1
703,55,43414,1749,0.1108507260077813,1,50,5,59.95,1,1
704,39,51498,1396,0.6040349704292437,2,57,11,1.36,0,0
705,40,83968,2269,0.5292831007282571,2,45,8,112.57,1,0
706,38,40251,936,0.4217303392852636,3,47,1,487.75,0,1
707,67,88356,695,0.3406836005119723,4,62,1,41.79,0,1
708,61,36195,2766,0.534325894260883,1,49,9,958.26,1,2
709,69,86674,1317,0.45341074051704,1,53,9,96.84,0,0
710,34,31261,2247,0.5159956676327139,1,53,4,91.56,0,1
711,35,54554,1148,0.3411421876610239,2,61,13,80.12,0,0
712,51,117412,2225,0.6183969628796251,2,54,2,5.63,0,1
713,21,112713,2810,0.5250331813534784,0,53,13,591.02,0,0
714,23,59686,1483,0.4264304443153897,1,55,9,831.89,1,2
715,36,79749,639,0.5383959380646732,1,55,14,380.94,1,0
716,43,100101,2813,0.2871257087249041,1,36,4,83.4,0,1
717,31,87032,2355,0.174874946097946,1,45,6,134.34,1,1
718,32,63163,1515,0.3982325769571213,1,58,12,258.45,0,0
719,30,51284,1669,0.3414364331279796,1,54,1,1234.67,0,2
720,52,91702,1133,0.3203423986583556,2,53,12,113.66,1,0
721,36,98267,2652,0.5324468059024104,0,43,9,526.18,0,0
722,28,112892,1479,0.3750708819815945,2,48,5,231.53,0,1
723,58,27818,948,0.3895353610303226,0,57,3,141.44,0,1
724,32,38671,1928,0.3009421161868855,0,50,4,243.46,1,1
725,44,99048,1283,0.4821684708919288,0,40,1,29.55,1,1
726,48,31211,1181,0.4552813671961879,0,45,14,641.16,0,0
727,28,100963,1541,0.4810489515341439,2,45,9,111.52,0,1
728,48,64626,1851,0.2754104050045732,1,55,14,516.99,0,0
729,56,56977,971,0.5456132690070492,1,52,8,28.32,0,0
730,46,75135,2631,0.6258152635649559,5,50,4,1241.31,0,2
731,28,36365,2206,0.4763057595987058,0,54,2,85.78,1,1
732,48,90600,1580,0.2286067569133563,2,43,14,857.35,1,2
733,48,112240,1257,0.2296696573645698,4,58,9,663.18,1,2
734,57,91764,1746,0.2936934566610368,4,43,4,1375.06,1,2
735,61,63837,2339,0.2653434178972218,3,55,9,259.95,0,0
736,56,31549,2246,0.3393361061469103,2,55,10,519.9,0,0
737,47,32510,2435,0.4448663699551771,1,57,3,185.27,1,1
738,37,36758,1511,0.3934928661124772,0,44,7,81.52,1,1
739,29,69693,45,0.3803433584579433,0,37,7,234.13,0,1
740,53,72835,2548,0.3138195875299781,1,45,10,72.49,1,0
741,40,91711,1699,0.3389231109253175,2,61,13,1607.95,0,2
742,33,25099,2199,0.4694863261293502,3,50,4,40.48,0,1
743,48,102780,2801,0.0482062958750277,2,51,2,355.87,0,1
744,68,87360,3260,0.3482914387281902,0,47,11,393.9,1,0
745,49,61829,1410,0.3931981392390987,1,45,9,308.95,1,0
746,33,40255,1880,0.4675374602820939,1,47,4,434.1,1,1
747,66,101228,2620,0.1984931091074263,2,46,8,49.4,1,0
748,55,62497,1293,0.1905635476320321,1,49,14,323.89,1,0
749,26,69499,1450,0.43759324923172,4,43,2,135.43,0,1
750,38,79590,1447,0.0643321639614625,1,47,8,1126.54,1,2
751,25,47170,1783,0.5498283666141178,1,50,11,574.31,0,0
752,67,62945,1667,0.3839887987239215,0,47,10,1437.64,0,2
753,45,91632,1443,0.5838081819265155,2,50,5,15.31,0,1
754,22,89102,1220,0.186939143514573,0,56,7,134.26,1,1
755,30,89327,2287,0.2845460796922639,1,47,7,86.98,1,1
756,50,41120,2602,0.0,1,51,12,4.49,1,0
757,65,64085,2689,0.2306465355507085,2,45,9,111.0,1,0
758,25,60090,1511,0.3224229678917181,2,50,3,454.25,1,1
759,53,80629,2312,0.0555938629987344,1,53,10,105.11,1,0
760,21,78391,1941,0.29080597817024,0,38,4,284.53,1,1
761,38,73885,1457,0.0518989734709633,3,52,10,875.05,1,2
762,52,131643,2240,0.3113809722632862,0,38,4,473.35,0,1
763,67,62729,1430,0.5220667890662355,5,46,13,200.77,1,0
764,69,59804,1574,0.3447530374828815,1,44,10,186.38,0,0
765,31,41081,973,0.5987311058917704,1,46,5,243.33,0,1
766,41,31553,1521,0.4679438845091914,0,54,14,77.94,0,0
767,46,39492,1952,0.5522221772910456,0,48,6,402.05,0,0
768,45,52032,2741,0.2352582138682574,2,51,3,181.12,1,1
769,42,102751,1587,0.2316287557411096,3,52,13,765.21,1,2
770,47,70979,1177,0.4018420124578052,4,53,4,565.14,0,2
771,69,74833,2698,0.1133446862550711,3,56,3,377.17,0,1
772,33,67593,1497,0.4206715624643135,2,46,2,181.15,0,1
773,53,79132,750,0.3014120275179605,2,57,10,94.25,1,0
774,54,105051,1879,0.5494995256319986,3,47,12,598.71,0,0
775,61,20151,1605,0.4519268381119115,0,51,9,266.53,0,0
776,55,100458,3180,0.514505964551019,0,38,1,101.83,1,1
777,21,7124,2085,0.2368690877907429,4,43,2,86.85,0,1
778,41,70705,1712,0.5072315403142592,2,36,8,72.32,1,1
779,68,124797,1245,0.5667068741546424,2,50,7,600.52,1,0
780,26,87016,1998,0.3441929264929488,1,62,12,104.02,0,0
781,48,79326,2674,0.2390974070950267,2,52,1,299.16,0,1
782,37,120048,1987,0.2417319198148385,2,49,5,240.26,0,1
783,25,52423,1291,0.5358519488023947,4,58,10,346.63,1,2
784,51,80849,2123,0.7526518613634967,1,58,6,838.73,1,2
785,25,84452,1770,0.2027532394737166,1,58,5,809.22,1,2
786,58,56939,2069,0.1912219924936159,1,49,4,239.92,0,1
787,23,59147,1587,0.4882121271011718,0,53,14,6.19,0,0
788,43,56405,1573,0.2369129705950033,0,44,13,222.36,0,0
789,57,72182,1549,0.5027533076342404,0,62,1,372.76,0,1
790,57,83667,2365,0.4198019260289968,2,42,7,326.37,0,0
791,30,73080,1579,0.3464034046253054,2,62,9,421.46,0,2
792,30,87736,1524,0.4161907301782531,1,51,6,66.93,1,1
793,39,20771,1234,0.407029755373009,1,48,3,415.99,1,1
794,37,64543,2072,0.3230590253320736,0,43,10,80.68,1,0
795,41,44414,1987,0.0865458452542258,2,46,14,555.36,0,0
796,34,77543,1530,0.3767976092883552,1,50,4,165.65,1,1
797,29,77172,1374,0.5859590549096246,1,65,10,495.01,1,0
798,66,67109,2925,0.1086847005193214,1,46,5,19.62,1,1
799,21,82756,671,0.2051322469791582,2,47,12,209.6,0,1
800,65,94945,2095,0.4140240462149016,4,47,12,488.36,0,0
801,33,68486,2574,0.355788779409842,1,59,1,102.92,1,1
802,24,43707,-232,0.4116773239376433,0,40,5,634.46,0,1
803,21,30468,2276,0.2451022688258506,3,48,1,398.54,0,1
804,69,70902,1667,0.524368742988846,1,52,9,354.27,0,0
805,60,76046,1953,0.3570350848535316,0,40,7,174.5,0,0
806,52,45761,1606,0.4545478283514585,0,58,3,263.46,1,1
807,54,88144,2445,0.3980416116456644,2,50,9,363.87,0,0
808,48,58526,2017,0.3763242451941488,1,58,2,255.81,1,1
809,51,28589,1879,0.4440250485542194,5,40,12,479.35,1,2
810,28,101410,1260,0.3779731930950425,2,55,7,227.45,0,1
811,59,98599,2929,0.1714701457856731,2,43,9,90.4,0,0
812,46,19610,1805,0.5131035238573947,0,57,6,96.29,0,0
813,54,55934,3173,0.4727190929372275,2,54,10,2.33,1,0
814,23,54960,2956,0.0339724412963285,3,40,5,143.22,1,1
815,32,110987,732,0.2518699572686483,3,57,12,552.79,1,2
816,21,67517,1407,0.506354069373921,2,43,7,632.27,1,1
817,64,32603,1177,0.0759607180283249,1,45,14,90.49,1,0
818,25,92052,1771,0.4915350322851116,1,42,6,1278.1,1,2
819,50,39230,1912,0.3288166196518624,1,43,5,279.19,1,1
820,50,63491,1937,0.5510423855500985,1,56,14,995.46,0,2
821,37,50755,2432,0.3498279816386804,1,53,2,490.71,1,1
822,68,55988,2696,0.2416898010506558,2,57,8,512.68,1,0
823,67,93431,2380,0.396212849113871,5,43,13,35.55,1,0
824,43,108033,1463,0.345442176573502,1,51,7,99.38,1,1
825,35,38140,1330,0.2283723298788978,1,52,6,3.54,0,1
826,57,85651,1801,0.682751522451708,2,45,5,503.69,1,0
827,41,51681,2055,0.2043352727623527,1,54,5,168.91,1,1
828,34,52458,1690,0.0135566937410308,0,54,9,617.93,0,1
829,22,82265,992,0.5872548452182238,3,45,1,165.56,0,1
830,31,44302,2209,0.262465479152611,3,56,9,684.44,1,2
831,59,81765,1564,0.3054840108551456,5,52,6,56.03,1,1
832,58,88252,1546,0.2963140903056449,2,54,4,76.16,1,1
833,54,59186,1767,0.2645522848762511,0,54,10,166.74,1,0
834,58,103176,1656,0.2350711293104831,1,49,14,210.03,1,0
835,54,38179,1580,0.2004774046254553,3,54,7,171.52,1,1
836,38,103635,1031,0.3597139642556848,4,53,9,576.97,0,2
837,50,21400,1732,0.2897018663486547,4,47,5,40.79,0,1
838,35,137492,2221,0.4595543285500919,2,34,14,173.06,1,0
839,47,59844,1958,0.4224041077424231,1,44,5,726.19,1,1
840,54,40942,2368,0.2108731709711893,1,59,8,27.65,1,0
841,58,64183,1362,0.3662781914108534,1,51,7,1141.3,0,2
842,53,43838,1033,0.2873242513817969,0,42,13,1716.64,1,2
843,44,79674,1652,0.2012509336049501,2,49,13,37.1,0,0
844,35,104191,1431,0.4534147355772698,2,62,8,137.71,0,0
845,50,45163,1493,0.3318012081037452,0,56,11,186.34,1,0
846,62,84484,1927,0.2888674969744281,1,52,12,599.14,0,0
847,37,31681,1498,0.2216649145365081,2,54,10,362.46,1,0
848,25,95823,1049,0.1958094858389991,2,40,2,413.54,0,1
849,49,80405,1464,0.6483152035871819,3,50,9,566.72,1,2
850,24,96904,2004,0.4001177974444994,2,47,3,50.22,1,1
851,30,66941,2202,0.1863306444195775,4,32,6,716.41,0,1
852,37,59121,2196,0.3931798847484219,2,44,6,489.15,0,1
853,30,90402,2054,0.5093024265193307,1,48,2,344.48,0,1
854,37,37298,1699,0.3751276418795063,0,54,12,881.95,1,2
855,40,26429,2042,0.5561032013199686,2,48,13,482.0,0,0
856,44,69875,1774,0.1185780286895049,2,48,7,90.11,0,1
857,25,60260,1867,0.0513016928929683,3,50,9,224.67,1,1
858,54,83845,1236,0.3890776132780629,1,63,12,272.52,1,0
859,26,97288,1826,0.3914744215060824,2,40,10,22.72,0,1
860,22,83325,2027,0.0,3,47,11,1237.23,0,2
861,33,95297,2004,0.2564635863196977,0,55,1,55.05,0,1
862,63,78026,1027,0.1987006528424817,1,57,8,478.22,1,0
863,63,82364,1857,0.1412080638945265,3,55,2,282.28,1,1
864,68,67083,933,0.1983437353085283,1,58,14,10.39,0,0
865,31,81626,1904,0.4393681702399039,1,63,1,1034.76,1,2
866,67,74166,1379,0.1973892468065437,4,59,8,763.78,0,2
867,43,78129,2823,0.2025316798127237,0,50,2,297.15,0,1
868,36,65831,1871,0.1071792036713481,2,53,6,104.0,1,1
869,51,90223,2280,0.5403364463773739,4,55,6,51.87,0,0
870,31,52238,3066,0.4151948548205951,2,54,5,180.64,0,1
871,36,69541,1309,0.0,2,57,8,117.98,1,1
872,28,102794,2061,0.202663988116522,2,49,3,282.65,0,1
873,24,46281,1088,0.4292776826592389,1,53,13,1357.4,0,2
874,60,15953,2006,0.5422088823474255,1,57,10,342.22,1,0
875,24,79161,2859,0.4761258139049985,2,47,4,882.66,0,1
876,45,63576,1423,0.2966475634613171,1,39,7,420.93,0,1
877,23,95271,1268,0.0602934708810442,2,59,7,257.93,1,1
878,52,66737,1745,0.4805373490866965,0,49,13,771.33,1,0
879,23,54891,3027,0.3054654723019243,0,57,12,254.99,1,0
880,47,68104,2262,0.3603293021922604,2,56,14,811.89,0,2
881,49,97326,1257,0.3233869342687254,3,42,8,137.89,1,1
882,52,84384,2673,0.1466705750635598,0,43,2,55.16,0,1
883,39,9152,806,0.4046375318334483,3,63,11,773.28,1,2
884,41,74644,3081,0.3839688546670169,2,49,12,354.13,0,0
885,25,75894,2313,0.2861316735627802,3,45,2,879.62,0,1
886,38,69543,2858,0.420665869979373,1,57,4,1111.14,1,2
887,48,54727,811,0.143900067886504,2,51,13,22.05,0,0
888,62,99863,1901,0.3096495836175336,0,53,10,278.04,0,0
889,42,101100,1719,0.3539191209403683,2,44,13,187.98,1,0
890,41,14920,1195,0.0897608551797406,1,48,9,393.25,0,1
891,26,50051,1022,0.3414355083745919,0,55,10,631.16,0,2
892,21,66381,2104,0.4600467720021943,3,44,12,131.73,0,0
893,25,93712,2158,0.3045153613935698,1,54,9,325.49,1,1
894,61,70871,2579,0.3448827646228483,2,44,13,493.4,1,0
895,32,52910,1497,0.434351605885125,1,57,13,57.75,1,0
896,46,87738,1715,0.2918299836700591,0,57,4,672.95,1,1
897,66,64716,970,0.3053303900683566,0,64,9,372.67,1,0
898,54,67064,2724,0.1734944728201299,1,52,14,1194.61,1,2
899,69,69321,1841,0.3477594834018852,2,42,3,165.92,1,1
900,34,84357,2233,0.2997727274592829,1,48,12,45.78,1,0
901,46,62286,2254,0.4248634692579983,1,56,5,282.49,0,1
902,65,87173,2675,0.4345189931274858,1,53,10,35.89,0,0
903,47,68173,1301,0.4686813558519321,0,53,9,1396.36,0,2
904,29,43324,2218,0.2737609473657303,0,53,6,15.78,0,1
905,46,69080,1784,0.0235128371563825,0,46,3,560.16,1,1
906,67,44619,3063,0.4612459619697162,1,51,10,297.86,0,0
907,42,71024,1299,0.4146681446146113,3,63,9,183.94,0,0
908,67,90736,2502,0.2547062592970865,1,44,6,27.24,0,0
909,50,43159,2010,0.4332410299351005,2,45,4,389.32,0,1
910,63,79106,1978,0.1327115296225637,3,47,14,352.0,0,0
911,68,49274,1832,0.5045360319305412,0,45,4,131.89,1,0
912,37,75042,2607,0.2999563172308924,1,52,8,964.16,1,2
913,46,91505,1958,0.2256608580492656,2,51,7,145.03,0,1
914,56,16762,885,0.2567447665641668,2,64,1,238.94,0,1
915,21,42138,2531,0.3152772520999681,5,34,6,313.9,0,1
916,28,60775,2421,0.3481981890050805,4,42,8,42.25,0,1
917,69,77876,2152,0.357242042059911,2,54,3,1076.25,1,2
918,55,65840,1122,0.2855588834062814,1,58,14,187.7,0,0
919,35,68852,1216,0.3800359360192218,0,51,9,33.69,1,0
920,67,121074,673,0.351241891150015,2,50,10,195.95,0,0
921,42,39688,2076,0.2528640506638401,2,58,2,366.72,1,1
922,34,98387,990,0.2302714063368103,3,42,14,288.33,1,0
923,46,61250,768,0.4412548314342256,1,48,6,474.38,1,1
924,48,83736,2564,0.4286489053996857,1,50,12,22.83,0,0
925,43,123223,2260,0.3585704532741894,1,42,1,133.93,0,1
926,34,87216,1600,0.4886293198985302,2,63,12,684.21,1,2
927,44,79312,1719,0.0558008515748548,0,44,11,33.31,0,0
928,22,109978,355,0.2653408037739945,1,57,2,773.75,0,1
929,65,98119,2350,0.1765524331498033,0,53,13,38.56,1,0
930,46,50015,1384,0.6884408397706776,2,46,5,719.4,0,2
931,34,77363,1998,0.4569829730593979,1,44,1,179.01,1,1
932,27,27062,306,0.3381407024512586,4,53,8,378.92,0,2
933,23,56496,2386,0.4677485868269234,1,48,1,66.37,0,1
934,67,77851,1348,0.5174413495632673,0,57,13,27.38,1,0
935,43,54947,974,0.5158447537286106,1,50,9,97.31,1,0
936,66,76834,1596,0.4882555227650529,2,49,10,54.72,1,0
937,63,69665,1442,0.3106189515076907,0,40,11,149.82,1,0
938,67,83410,2444,0.2747951870774072,0,56,3,288.93,0,1
939,65,59395,1547,0.2056716230028972,2,42,12,355.43,0,0
940,38,46496,2617,0.4253670900093511,5,47,2,624.01,0,1
941,58,106953,1998,0.3261596397006828,0,48,1,427.12,1,1
942,55,57607,2336,0.2872293454224206,0,58,9,375.37,0,0
943,35,86500,1798,0.2794007957408296,0,41,4,212.26,0,1
944,45,105881,2563,0.5675288945952033,3,49,12,256.84,0,0
945,57,74066,1107,0.4929020619262506,4,45,1,214.13,1,1
946,48,48592,1868,0.6245590784192248,3,58,1,738.48,1,2
947,30,65534,1562,0.4293524449838163,0,44,7,104.55,0,1
948,59,95438,2637,0.3585431660382347,1,56,2,2.29,0,1
949,37,75156,2699,0.3461896323882613,3,45,7,421.44,1,1
950,59,39871,1800,0.196954767910779,2,49,12,90.49,1,0
951,42,84916,1025,0.1607871512372898,1,42,7,883.33,1,2
952,46,89238,2056,0.4261011532839311,1,56,10,783.73,1,2
953,64,61117,801,0.2097981934275117,3,67,14,31.93,0,0
954,45,85256,2775,0.3817186630800853,1,44,9,44.99,1,0
955,37,76125,1516,0.5173200024642817,2,56,13,273.41,0,0
956,33,65064,1781,0.2501819100453655,2,60,7,375.85,1,1
957,40,37661,1391,0.6515722451887367,2,53,13,128.58,0,0
958,45,96948,1258,0.201395731858385,0,49,14,504.64,0,0
959,24,88980,2242,0.4985292134734769,4,49,1,361.46,1,1
960,30,84597,1704,0.4137134271698543,1,49,12,157.11,0,0
961,23,108613,1825,0.5291142874919227,1,53,13,10.28,0,0
962,61,93629,1197,0.1825703582960465,0,51,8,554.76,0,0
963,65,87164,2313,0.6960531375430417,2,45,8,96.7,1,0
964,38,14669,2374,0.3231837374325641,0,36,4,719.45,1,1
965,67,99922,1674,0.4514971908948922,1,56,13,218.09,1,0
966,56,72077,2560,0.5666731233419751,2,60,8,344.23,0,0
967,67,77812,1737,0.2593006898757176,1,45,4,825.27,0,2
968,42,77983,2267,0.4738589544420767,0,55,8,796.93,0,2
969,54,89345,826,0.234279553216776,2,61,5,185.78,0,1
970,67,98054,2012,0.5595442370686758,0,50,4,93.73,1,0
971,28,85856,1637,0.2359728903156899,0,65,6,596.92,0,1
972,60,81882,1893,0.3557760473743638,2,44,2,227.01,0,1
973,69,75787,1866,0.395918105151794,1,49,12,85.3,0,0
974,64,-13790,1875,0.4676449654583923,3,47,2,939.14,1,2
975,39,62810,2169,0.6452714462639817,3,61,2,88.31,0,1
976,62,46460,1460,0.2822046515578266,0,41,9,10.46,1,0
977,61,100268,2141,0.520810216141041,0,55,14,8.2,1,0
978,57,85475,2539,0.6455387672951205,2,52,10,389.48,0,0
979,26,58546,953,0.3748600041297376,4,47,3,433.5,0,1
980,46,61057,1331,0.2674800874819563,1,60,10,149.03,0,0
981,54,60150,1356,0.0904949390847062,3,47,4,154.27,0,1
982,65,59704,1144,0.6324913651116593,0,52,10,165.9,1,0
983,26,33886,1515,0.3133333505113454,3,46,12,455.97,1,2
984,57,28468,2419,0.1997962251154173,2,48,8,23.96,1,0
985,53,70726,2668,0.1462504873685355,2,44,4,1058.69,1,2
986,42,96882,1863,0.1995178714414937,4,46,11,100.68,1,0
987,41,56557,1605,0.4879557939840747,1,50,10,3210.47,1,2
988,26,77586,2281,0.5086802791512107,3,42,10,75.27,1,1
989,26,88356,381,0.4478182807183304,0,43,13,590.57,1,0
990,68,45165,1166,0.3698506741030046,1,51,7,101.14,1,0
991,24,69500,407,0.1631719115747996,1,34,5,33.72,1,1
992,50,53336,1160,0.2405088581146928,2,44,9,831.56,0,2
993,31,110152,1339,0.1840070883978086,1,49,4,782.89,0,1
994,50,109061,2686,0.4359231508289397,0,59,3,206.72,0,1
995,51,45191,143,0.1905031281707443,2,56,13,484.8,1,2
996,44,79647,1549,0.2428630833419611,3,51,2,325.73,0,1
997,29,96689,2171,0.3224769135502239,1,62,1,766.81,1,1
998,23,91208,2046,0.0995299770355479,3,52,11,151.37,1,1
999,51,72039,2677,0.3570157146261269,1,53,6,296.66,0,1
1000,60,102663,1896,0.3339270678446695,1,37,10,265.72,1,0
